;Grid_Code;households_total_units;hhtyp_single;hhtyp_couples_wout_child;hhtyp_couples_with_child;hhtyp_single_parent;hhtyp_multiplepers_wout_nuclear;hhleb_single;hhleb_married_couples;hhleb_registered_partner;hhleb_nonmarital_partner;hhleb_single_mothers;hhleb_single_fathers;hhleb_multipers_wout_nuclear;hhgr_1_pers;hhgr_2_pers;hhgr_3_pers;hhgr_4_pers;hhgr_5_pers;hhgr_6_more;fams_seniors_only;fams_seniors_young;fams_wout_seniors
9654;100mN33306E42414;40;21;12;3;3;3;21;9;0;5;0;0;3;21;17;3;0;0;0;0;0;0
9655;100mN33306E42415;25;13;9;0;0;3;13;3;0;7;0;0;3;13;10;0;0;0;0;0;0;0
9827;100mN33307E42414;17;14;0;0;0;3;14;0;0;0;0;0;3;14;0;0;3;0;0;0;0;0
9828;100mN33307E42415;154;132;11;3;0;8;132;7;0;5;0;0;8;132;19;3;0;0;0;0;0;0
9829;100mN33307E42416;190;166;12;5;3;4;166;10;0;7;3;0;4;166;15;5;0;0;3;0;0;0
9999;100mN33308E42412;3;0;0;0;0;0;0;3;0;0;0;0;0;0;0;0;0;0;0;0;0;0
10000;100mN33308E42413;5;3;0;0;0;3;3;0;0;0;0;0;3;3;3;0;0;0;0;0;0;0
10001;100mN33308E42414;0;0;0;0;0;0;0;0;0;0;0;0;0;0;0;0;0;0;0;0;0;0
10002;100mN33308E42415;0;0;0;0;0;0;0;0;0;0;0;0;0;0;0;0;0;0;0;0;0;0
10003;100mN33308E42416;62;46;3;3;3;9;46;4;0;0;3;0;9;46;8;7;0;0;0;0;0;0
10172;100mN33309E42411;5;3;0;0;0;0;3;0;0;0;0;0;0;3;0;0;0;0;0;0;0;0
10173;100mN33309E42412;45;29;8;5;0;3;29;8;0;5;0;0;3;29;9;4;3;0;0;0;0;0
10174;100mN33309E42413;43;35;5;0;0;3;35;3;0;3;0;0;3;35;7;0;0;0;0;0;0;0
10175;100mN33309E42414;0;0;0;0;0;0;0;0;0;0;0;0;0;0;0;0;0;0;0;0;0;0
10176;100mN33309E42415;3;0;0;0;0;0;0;0;0;0;0;0;0;0;0;0;0;0;0;0;0;0
10177;100mN33309E42416;15;14;0;0;0;0;14;0;0;0;0;0;0;14;0;0;0;0;0;0;0;0
10178;100mN33309E42417;0;0;0;0;0;0;0;0;0;0;0;0;0;0;0;0;0;0;0;0;0;0
10179;100mN33309E42418;0;0;0;0;0;0;0;0;0;0;0;0;0;0;0;0;0;0;0;0;0;0
10347;100mN33310E42409;33;10;15;3;0;6;10;10;0;7;0;0;6;10;19;3;0;0;0;0;0;0
10348;100mN33310E42410;108;76;16;6;0;10;76;13;0;9;0;0;10;76;21;8;0;3;0;0;0;0
10349;100mN33310E42411;53;44;6;3;0;0;44;4;0;5;0;0;0;44;6;0;0;0;0;0;0;0
10350;100mN33310E42412;86;77;6;0;0;0;77;3;0;4;0;0;0;77;8;0;0;0;0;0;0;0
10351;100mN33310E42413;11;4;5;0;0;3;4;0;0;5;0;0;3;4;5;0;3;0;0;0;0;0
10352;100mN33310E42414;0;0;0;0;0;0;0;0;0;0;0;0;0;0;0;0;0;0;0;0;0;0
10353;100mN33310E42415;0;0;0;0;0;0;0;0;0;0;0;0;0;0;0;0;0;0;0;0;0;0
10354;100mN33310E42416;0;0;0;0;0;0;0;0;0;0;0;0;0;0;0;0;0;0;0;0;0;0
10519;100mN33311E42406;37;18;12;3;3;0;18;8;0;7;0;3;0;18;15;3;0;0;0;0;0;0
10520;100mN33311E42407;44;28;9;3;3;3;28;8;0;3;0;0;3;28;9;6;0;0;0;0;0;0
10521;100mN33311E42408;116;62;35;6;3;11;62;19;0;21;3;0;11;62;39;13;0;0;3;0;0;0
10522;100mN33311E42409;98;63;16;4;5;10;63;9;0;11;5;0;10;63;20;7;4;3;0;0;0;0
10523;100mN33311E42410;37;17;10;3;0;7;17;7;0;6;0;0;7;17;13;0;4;3;0;0;0;0
10524;100mN33311E42411;35;19;6;0;0;9;19;4;0;3;0;0;9;19;11;5;0;0;0;0;0;0
10525;100mN33311E42412;22;19;0;0;0;3;19;0;0;0;0;0;3;19;0;3;0;0;0;0;0;0
10526;100mN33311E42413;3;0;0;0;0;0;0;3;0;0;0;0;0;0;0;0;0;0;0;0;0;0
10527;100mN33311E42414;0;0;0;0;0;0;0;0;0;0;0;0;0;0;0;0;0;0;0;0;0;0
10528;100mN33311E42415;0;0;0;0;0;0;0;0;0;0;0;0;0;0;0;0;0;0;0;0;0;0
10694;100mN33312E42406;11;4;3;0;0;4;4;0;0;3;0;0;4;4;7;0;0;0;0;0;0;0
10695;100mN33312E42407;42;20;9;3;7;4;20;6;0;5;4;3;4;20;15;6;0;0;0;0;0;0
10696;100mN33312E42408;60;39;14;4;0;3;39;13;0;5;0;0;3;39;16;5;0;0;0;0;0;0
10697;100mN33312E42409;127;67;25;13;8;14;67;27;0;11;5;3;14;67;34;18;5;3;0;0;0;0
10698;100mN33312E42410;62;37;13;6;0;5;37;17;0;3;0;0;5;37;15;4;3;3;0;0;0;0
10699;100mN33312E42411;0;0;0;0;0;0;0;0;0;0;0;0;0;0;0;0;0;0;0;0;0;0
10700;100mN33312E42412;0;0;0;0;0;0;0;0;0;0;0;0;0;0;0;0;0;0;0;0;0;0
10701;100mN33312E42413;0;0;0;0;0;0;0;0;0;0;0;0;0;0;0;0;0;0;0;0;0;0
10702;100mN33312E42414;0;0;0;0;0;0;0;0;0;0;0;0;0;0;0;0;0;0;0;0;0;0
10703;100mN33312E42415;0;0;0;0;0;0;0;0;0;0;0;0;0;0;0;0;0;0;0;0;0;0
10867;100mN33313E42403;0;0;0;0;0;0;0;0;0;0;0;0;0;0;0;0;0;0;0;0;0;0
10868;100mN33313E42404;0;0;0;0;0;0;0;0;0;0;0;0;0;0;0;0;0;0;0;0;0;0
10869;100mN33313E42405;41;24;9;3;0;6;24;0;0;10;0;0;6;24;13;0;4;0;0;0;0;0
10870;100mN33313E42406;131;67;26;19;6;13;67;28;0;16;6;0;13;67;39;13;6;4;3;0;0;0
10871;100mN33313E42407;76;47;18;5;4;3;47;10;0;13;4;0;3;47;21;5;3;0;0;0;0;0
10872;100mN33313E42408;96;58;17;7;7;7;58;16;0;8;5;3;7;58;27;6;4;0;0;0;0;0
10873;100mN33313E42409;65;36;14;9;3;3;36;20;0;3;3;0;3;36;19;5;4;0;0;0;0;0
10874;100mN33313E42410;0;0;0;0;0;0;0;0;0;0;0;0;0;0;0;0;0;0;0;0;0;0
10875;100mN33313E42411;0;0;0;0;0;0;0;0;0;0;0;0;0;0;0;0;0;0;0;0;0;0
10876;100mN33313E42412;0;0;0;0;0;0;0;0;0;0;0;0;0;0;0;0;0;0;0;0;0;0
10877;100mN33313E42413;0;0;0;0;0;0;0;0;0;0;0;0;0;0;0;0;0;0;0;0;0;0
10878;100mN33313E42414;0;0;0;0;0;0;0;0;0;0;0;0;0;0;0;0;0;0;0;0;0;0
10879;100mN33313E42415;0;0;0;0;0;0;0;0;0;0;0;0;0;0;0;0;0;0;0;0;0;0
10880;100mN33313E42416;0;0;0;0;0;0;0;0;0;0;0;0;0;0;0;0;0;0;0;0;0;0
11044;100mN33314E42402;0;0;0;0;0;0;0;0;0;0;0;0;0;0;0;0;0;0;0;0;0;0
11045;100mN33314E42403;4;0;3;0;0;0;0;0;0;3;0;0;0;0;3;0;0;0;0;0;0;0
11046;100mN33314E42404;23;15;5;0;0;3;15;4;0;3;0;0;3;15;7;0;0;0;0;0;0;0
11047;100mN33314E42405;26;11;7;3;0;4;11;6;0;4;0;0;4;11;9;5;0;0;0;0;0;0
11048;100mN33314E42406;115;75;22;5;4;9;75;14;0;13;4;0;9;75;31;6;3;0;0;0;0;0
11049;100mN33314E42407;64;37;5;8;3;11;37;10;0;3;3;0;11;37;18;3;3;3;3;0;0;0
11050;100mN33314E42408;7;6;0;0;0;0;6;0;0;0;0;0;0;6;0;0;0;0;0;0;0;0
11051;100mN33314E42409;4;3;0;0;0;0;3;0;0;0;0;0;0;3;0;0;0;0;0;0;0;0
11052;100mN33314E42410;0;0;0;0;0;0;0;0;0;0;0;0;0;0;0;0;0;0;0;0;0;0
11053;100mN33314E42411;0;0;0;0;0;0;0;0;0;0;0;0;0;0;0;0;0;0;0;0;0;0
11054;100mN33314E42412;0;0;0;0;0;0;0;0;0;0;0;0;0;0;0;0;0;0;0;0;0;0
11055;100mN33314E42413;0;0;0;0;0;0;0;0;0;0;0;0;0;0;0;0;0;0;0;0;0;0
11056;100mN33314E42414;0;0;0;0;0;0;0;0;0;0;0;0;0;0;0;0;0;0;0;0;0;0
11057;100mN33314E42415;0;0;0;0;0;0;0;0;0;0;0;0;0;0;0;0;0;0;0;0;0;0
11058;100mN33314E42416;0;0;0;0;0;0;0;0;0;0;0;0;0;0;0;0;0;0;0;0;0;0
11225;100mN33315E42401;35;21;6;3;4;3;21;8;0;0;0;3;3;21;12;3;0;0;0;0;0;0
11226;100mN33315E42402;0;0;0;0;0;0;0;0;0;0;0;0;0;0;0;0;0;0;0;0;0;0
11227;100mN33315E42403;3;0;0;0;0;0;0;0;0;0;0;0;0;0;0;0;0;0;0;0;0;0
11228;100mN33315E42404;30;19;6;3;0;0;19;7;0;3;0;0;0;19;8;3;0;0;0;0;0;0
11229;100mN33315E42405;79;51;9;10;6;3;51;14;0;5;5;0;3;51;16;3;8;0;0;0;0;0
11230;100mN33315E42406;99;57;15;9;11;7;57;17;0;7;9;3;7;57;28;8;3;3;0;0;0;0
11231;100mN33315E42407;7;3;0;0;0;0;3;0;0;0;0;0;0;3;3;0;0;0;0;0;0;0
11232;100mN33315E42408;0;0;0;0;0;0;0;0;0;0;0;0;0;0;0;0;0;0;0;0;0;0
11233;100mN33315E42409;0;0;0;0;0;0;0;0;0;0;0;0;0;0;0;0;0;0;0;0;0;0
11234;100mN33315E42410;0;0;0;0;0;0;0;0;0;0;0;0;0;0;0;0;0;0;0;0;0;0
11235;100mN33315E42411;0;0;0;0;0;0;0;0;0;0;0;0;0;0;0;0;0;0;0;0;0;0
11236;100mN33315E42412;0;0;0;0;0;0;0;0;0;0;0;0;0;0;0;0;0;0;0;0;0;0
11237;100mN33315E42413;0;0;0;0;0;0;0;0;0;0;0;0;0;0;0;0;0;0;0;0;0;0
11238;100mN33315E42414;0;0;0;0;0;0;0;0;0;0;0;0;0;0;0;0;0;0;0;0;0;0
11239;100mN33315E42415;0;0;0;0;0;0;0;0;0;0;0;0;0;0;0;0;0;0;0;0;0;0
11240;100mN33315E42416;0;0;0;0;0;0;0;0;0;0;0;0;0;0;0;0;0;0;0;0;0;0
11412;100mN33316E42399;93;53;18;8;11;3;53;18;0;8;9;3;3;53;29;9;0;0;0;0;0;0
11413;100mN33316E42400;60;36;12;4;3;5;36;8;0;8;3;0;5;36;17;6;0;0;0;0;0;0
11414;100mN33316E42401;0;0;0;0;0;0;0;0;0;0;0;0;0;0;0;0;0;0;0;0;0;0
11415;100mN33316E42402;24;3;8;12;0;0;3;17;0;3;0;0;0;3;8;4;7;0;0;0;0;0
11416;100mN33316E42403;25;8;5;9;0;3;8;13;0;0;0;0;3;8;5;6;3;3;0;0;0;0
11417;100mN33316E42404;0;0;0;0;0;0;0;0;0;0;0;0;0;0;0;0;0;0;0;0;0;0
11418;100mN33316E42405;10;6;0;3;0;0;6;3;0;0;0;0;0;6;3;0;0;0;0;0;0;0
11419;100mN33316E42406;0;0;0;0;0;0;0;0;0;0;0;0;0;0;0;0;0;0;0;0;0;0
11420;100mN33316E42407;0;0;0;0;0;0;0;0;0;0;0;0;0;0;0;0;0;0;0;0;0;0
11421;100mN33316E42408;0;0;0;0;0;0;0;0;0;0;0;0;0;0;0;0;0;0;0;0;0;0
11422;100mN33316E42409;0;0;0;0;0;0;0;0;0;0;0;0;0;0;0;0;0;0;0;0;0;0
11423;100mN33316E42410;30;13;11;0;3;3;13;3;0;9;3;0;3;13;11;5;0;0;0;0;0;0
11424;100mN33316E42411;0;0;0;0;0;0;0;0;0;0;0;0;0;0;0;0;0;0;0;0;0;0
11425;100mN33316E42412;0;0;0;0;0;0;0;0;0;0;0;0;0;0;0;0;0;0;0;0;0;0
11426;100mN33316E42413;0;0;0;0;0;0;0;0;0;0;0;0;0;0;0;0;0;0;0;0;0;0
11427;100mN33316E42414;0;0;0;0;0;0;0;0;0;0;0;0;0;0;0;0;0;0;0;0;0;0
11428;100mN33316E42415;0;0;0;0;0;0;0;0;0;0;0;0;0;0;0;0;0;0;0;0;0;0
11429;100mN33316E42416;0;0;0;0;0;0;0;0;0;0;0;0;0;0;0;0;0;0;0;0;0;0
11605;100mN33317E42398;82;29;22;15;12;4;29;33;0;4;12;0;4;29;28;12;9;3;0;0;0;0
11606;100mN33317E42399;68;38;23;5;3;0;38;19;0;9;3;0;0;38;25;5;0;0;0;0;0;0
11607;100mN33317E42400;36;26;5;3;3;0;26;7;0;0;3;0;0;26;8;0;0;0;0;0;0;0
11608;100mN33317E42401;26;10;9;4;3;0;10;11;0;3;3;0;0;10;12;3;3;0;0;0;0;0
11609;100mN33317E42402;44;18;9;12;5;0;18;17;0;4;5;0;0;18;12;6;7;0;0;0;0;0
11610;100mN33317E42403;10;3;3;4;0;0;3;6;0;0;0;0;0;3;3;0;3;0;0;0;0;0
11611;100mN33317E42404;0;0;0;0;0;0;0;0;0;0;0;0;0;0;0;0;0;0;0;0;0;0
11612;100mN33317E42405;0;0;0;0;0;0;0;0;0;0;0;0;0;0;0;0;0;0;0;0;0;0
11613;100mN33317E42406;0;0;0;0;0;0;0;0;0;0;0;0;0;0;0;0;0;0;0;0;0;0
11614;100mN33317E42407;0;0;0;0;0;0;0;0;0;0;0;0;0;0;0;0;0;0;0;0;0;0
11615;100mN33317E42408;0;0;0;0;0;0;0;0;0;0;0;0;0;0;0;0;0;0;0;0;0;0
11616;100mN33317E42409;0;0;0;0;0;0;0;0;0;0;0;0;0;0;0;0;0;0;0;0;0;0
11617;100mN33317E42410;0;0;0;0;0;0;0;0;0;0;0;0;0;0;0;0;0;0;0;0;0;0
11618;100mN33317E42411;61;35;15;3;0;7;35;5;0;13;0;0;7;35;20;5;0;0;0;0;0;0
11619;100mN33317E42412;9;3;3;3;3;0;3;4;0;0;3;0;0;3;5;0;0;0;0;0;0;0
11620;100mN33317E42413;0;0;0;0;0;0;0;0;0;0;0;0;0;0;0;0;0;0;0;0;0;0
11621;100mN33317E42414;0;0;0;0;0;0;0;0;0;0;0;0;0;0;0;0;0;0;0;0;0;0
11622;100mN33317E42415;0;0;0;0;0;0;0;0;0;0;0;0;0;0;0;0;0;0;0;0;0;0
11800;100mN33318E42397;76;37;20;11;7;0;37;22;0;9;7;0;0;37;25;10;3;0;0;0;0;0
11801;100mN33318E42398;71;22;14;23;12;0;22;28;0;9;11;0;0;22;18;14;9;6;3;0;0;0
11802;100mN33318E42399;0;0;0;0;0;0;0;0;0;0;0;0;0;0;0;0;0;0;0;0;0;0
11803;100mN33318E42400;89;52;18;10;4;5;52;21;0;7;3;0;5;52;25;6;3;3;0;0;0;0
11804;100mN33318E42401;46;20;14;4;4;4;20;14;0;4;4;0;4;20;19;3;4;0;0;0;0;0
11805;100mN33318E42402;9;3;4;0;3;0;3;3;0;3;0;0;0;3;5;0;0;0;0;0;0;0
11806;100mN33318E42403;0;0;0;0;0;0;0;0;0;0;0;0;0;0;0;0;0;0;0;0;0;0
11807;100mN33318E42404;0;0;0;0;0;0;0;0;0;0;0;0;0;0;0;0;0;0;0;0;0;0
11808;100mN33318E42405;0;0;0;0;0;0;0;0;0;0;0;0;0;0;0;0;0;0;0;0;0;0
11809;100mN33318E42406;0;0;0;0;0;0;0;0;0;0;0;0;0;0;0;0;0;0;0;0;0;0
11810;100mN33318E42407;0;0;0;0;0;0;0;0;0;0;0;0;0;0;0;0;0;0;0;0;0;0
11811;100mN33318E42408;8;5;3;0;0;0;5;0;0;0;0;0;0;5;3;0;0;0;0;0;0;0
11812;100mN33318E42409;0;0;0;0;0;0;0;0;0;0;0;0;0;0;0;0;0;0;0;0;0;0
11813;100mN33318E42410;4;3;0;0;0;0;3;0;0;0;0;0;0;3;3;0;0;0;0;0;0;0
11814;100mN33318E42411;110;63;26;11;5;5;63;15;0;22;5;0;5;63;30;11;6;0;0;0;0;0
11815;100mN33318E42412;124;80;22;11;3;8;80;20;0;13;3;0;8;80;29;6;6;0;0;0;0;0
11816;100mN33318E42413;52;32;8;8;3;0;32;14;0;3;3;0;0;32;9;6;3;0;0;0;0;0
11817;100mN33318E42414;0;0;0;0;0;0;0;0;0;0;0;0;0;0;0;0;0;0;0;0;0;0
11998;100mN33319E42396;27;12;4;7;0;3;12;9;0;3;0;0;3;12;8;0;3;3;0;0;0;0
11999;100mN33319E42397;36;13;13;3;5;3;13;14;0;3;5;0;3;13;17;4;0;0;0;0;0;0
12000;100mN33319E42398;132;95;8;14;13;3;95;19;0;3;12;0;3;95;13;12;6;5;0;0;0;0
12001;100mN33319E42399;35;15;7;8;3;3;15;10;0;5;3;0;3;15;11;4;3;0;3;0;0;0
12002;100mN33319E42400;83;42;16;12;7;6;42;18;0;10;7;0;6;42;22;9;5;4;0;0;0;0
12003;100mN33319E42401;61;26;13;14;7;0;26;22;0;5;6;0;0;26;17;9;7;0;0;0;0;0
12004;100mN33319E42402;40;15;10;9;6;0;15;19;0;0;5;0;0;15;12;5;5;3;0;0;0;0
12005;100mN33319E42403;0;0;0;0;0;0;0;0;0;0;0;0;0;0;0;0;0;0;0;0;0;0
12006;100mN33319E42404;0;0;0;0;0;0;0;0;0;0;0;0;0;0;0;0;0;0;0;0;0;0
12007;100mN33319E42405;0;0;0;0;0;0;0;0;0;0;0;0;0;0;0;0;0;0;0;0;0;0
12008;100mN33319E42406;0;0;0;0;0;0;0;0;0;0;0;0;0;0;0;0;0;0;0;0;0;0
12009;100mN33319E42407;47;25;10;10;0;3;25;17;0;3;0;0;3;25;11;4;7;0;0;0;0;0
12010;100mN33319E42408;76;50;10;10;3;3;50;15;0;5;3;0;3;50;12;5;6;3;0;0;0;0
12011;100mN33319E42409;0;0;0;0;0;0;0;0;0;0;0;0;0;0;0;0;0;0;0;0;0;0
12012;100mN33319E42410;45;44;0;0;0;0;44;0;0;0;0;0;0;44;0;0;0;0;0;0;0;0
12013;100mN33319E42411;152;95;26;5;10;16;95;14;0;17;8;3;16;95;44;5;5;3;0;0;0;0
12014;100mN33319E42412;119;74;17;7;9;12;74;16;0;7;8;0;12;74;35;5;3;3;0;0;0;0
12015;100mN33319E42413;180;124;20;13;15;8;124;21;0;12;14;0;8;124;33;14;6;3;0;0;0;0
12016;100mN33319E42414;76;40;12;16;5;3;40;22;0;6;5;0;3;40;18;5;8;4;0;0;0;0
12201;100mN33320E42395;44;22;9;8;3;3;22;12;0;5;3;0;3;22;12;6;3;0;0;0;0;0
12202;100mN33320E42396;47;20;7;10;9;0;20;15;0;3;8;0;0;20;11;7;6;3;0;0;0;0
12203;100mN33320E42397;57;33;8;8;4;4;33;12;0;4;4;0;4;33;14;4;3;3;0;0;0;0
12204;100mN33320E42398;54;23;11;6;12;3;23;12;0;5;10;3;3;23;20;5;5;0;0;0;0;0
12205;100mN33320E42399;79;30;22;12;12;3;30;24;0;10;11;0;3;30;31;10;6;0;0;0;0;0
12206;100mN33320E42400;67;32;17;7;8;3;32;16;0;8;7;0;3;32;24;7;3;0;0;0;0;0
12207;100mN33320E42401;54;20;17;8;3;7;20;22;0;3;3;0;7;20;24;4;5;0;0;0;0;0
12208;100mN33320E42402;37;17;7;8;3;3;17;12;0;3;3;0;3;17;10;5;3;0;0;0;0;0
12209;100mN33320E42403;8;3;6;0;0;0;3;3;0;3;0;0;0;3;5;0;0;0;0;0;0;0
12210;100mN33320E42404;3;0;0;0;0;0;0;0;0;0;0;0;0;0;0;0;0;0;0;0;0;0
12211;100mN33320E42405;0;0;0;0;0;0;0;0;0;0;0;0;0;0;0;0;0;0;0;0;0;0
12212;100mN33320E42406;6;3;3;0;0;0;3;3;0;0;0;0;0;3;3;0;0;0;0;0;0;0
12213;100mN33320E42407;93;55;19;7;4;8;55;19;0;7;4;0;8;55;26;7;4;0;0;0;0;0
12214;100mN33320E42408;107;50;23;19;9;6;50;32;0;10;7;3;6;50;29;13;11;4;0;0;0;0
12215;100mN33320E42409;137;85;21;8;6;17;85;18;0;11;6;0;17;85;40;9;3;0;0;0;0;0
12216;100mN33320E42410;126;89;21;7;6;3;89;9;0;19;5;0;3;89;28;6;3;0;0;0;0;0
12217;100mN33320E42411;153;89;24;24;5;11;89;35;0;12;5;0;11;89;33;15;13;3;0;0;0;0
12218;100mN33320E42412;165;91;40;15;9;10;91;26;0;29;6;3;10;91;52;13;7;3;0;0;0;0
12219;100mN33320E42413;141;90;27;11;10;3;90;28;0;10;10;0;3;90;37;6;8;0;0;0;0;0
12220;100mN33320E42414;87;72;5;3;3;4;72;6;0;3;3;0;4;72;10;4;0;0;0;0;0;0
12408;100mN33321E42394;52;27;9;11;3;3;27;16;0;4;3;0;3;27;13;4;7;0;0;0;0;0
12409;100mN33321E42395;27;19;4;3;0;0;19;3;0;3;0;0;0;19;5;3;0;0;0;0;0;0
12410;100mN33321E42396;68;37;14;7;6;4;37;11;0;10;4;3;4;37;19;8;4;0;0;0;0;0
12411;100mN33321E42397;38;28;7;3;0;0;28;7;0;3;0;0;0;28;7;0;3;0;0;0;0;0
12412;100mN33321E42398;79;42;13;10;9;5;42;19;0;4;9;0;5;42;22;8;7;0;0;0;0;0
12413;100mN33321E42399;84;43;15;14;7;5;43;26;0;3;7;0;5;43;23;8;5;4;0;0;0;0
12414;100mN33321E42400;50;31;6;6;3;5;31;9;0;3;3;0;5;31;12;5;3;0;0;0;0;0
12415;100mN33321E42401;15;6;3;7;0;0;6;7;0;3;0;0;0;6;3;0;4;3;0;0;0;0
12416;100mN33321E42402;0;0;0;0;0;0;0;0;0;0;0;0;0;0;0;0;0;0;0;0;0;0
12417;100mN33321E42403;15;9;3;4;0;0;9;3;0;3;0;0;0;9;3;3;3;0;0;0;0;0
12418;100mN33321E42404;3;0;0;0;0;0;0;0;0;0;0;0;0;0;0;0;0;0;0;0;0;0
12419;100mN33321E42405;3;3;0;0;0;0;3;0;0;0;0;0;0;3;0;0;0;0;0;0;0;0
12420;100mN33321E42406;59;24;17;8;3;7;24;15;0;9;3;0;7;24;23;5;5;3;0;0;0;0
12421;100mN33321E42407;94;37;26;22;3;6;37;33;0;15;3;0;6;37;30;13;12;3;0;0;0;0
12422;100mN33321E42408;122;54;35;17;7;9;54;34;0;18;7;0;9;54;46;13;6;3;0;0;0;0
12423;100mN33321E42409;150;89;32;10;8;11;89;22;0;20;7;0;11;89;42;10;7;0;0;0;0;0
12424;100mN33321E42410;138;91;27;12;3;6;91;22;0;17;3;0;6;91;31;11;3;0;3;0;0;0
12425;100mN33321E42411;121;64;22;19;8;8;64;27;0;14;7;0;8;64;32;13;10;0;0;0;0;0
12426;100mN33321E42412;138;74;21;19;16;8;74;30;0;10;14;3;8;74;37;13;7;5;3;0;0;0
12427;100mN33321E42413;102;72;8;13;5;4;72;16;0;5;3;3;4;72;14;7;5;3;3;0;0;0
12428;100mN33321E42414;19;12;4;3;0;0;12;5;0;0;0;0;0;12;5;3;0;0;0;0;0;0
12429;100mN33321E42415;66;29;21;9;7;0;29;24;0;6;6;0;0;29;24;6;4;0;3;0;0;0
12620;100mN33322E42394;111;63;22;10;10;6;63;25;0;7;8;3;6;63;36;9;3;0;0;0;0;0
12621;100mN33322E42395;58;31;12;7;5;3;31;13;0;6;3;3;3;31;15;8;0;3;0;0;0;0
12622;100mN33322E42396;8;5;3;0;0;0;5;3;0;0;0;0;0;5;3;0;0;0;0;0;0;0
12623;100mN33322E42397;70;59;5;3;3;0;59;5;0;3;3;0;0;59;8;3;0;0;0;0;0;0
12624;100mN33322E42398;70;25;18;11;9;7;25;24;0;5;8;0;7;25;28;13;3;0;0;0;0;0
12625;100mN33322E42399;60;21;21;7;8;3;21;22;0;5;6;3;3;21;25;14;0;0;0;0;0;0
12626;100mN33322E42400;58;27;18;6;3;4;27;19;0;4;3;0;4;27;21;5;4;0;0;0;0;0
12627;100mN33322E42401;6;4;0;3;0;0;4;3;0;0;0;0;0;4;0;0;3;0;0;0;0;0
12628;100mN33322E42402;0;0;0;0;0;0;0;0;0;0;0;0;0;0;0;0;0;0;0;0;0;0
12629;100mN33322E42403;0;0;0;0;0;0;0;0;0;0;0;0;0;0;0;0;0;0;0;0;0;0
12630;100mN33322E42404;0;0;0;0;0;0;0;0;0;0;0;0;0;0;0;0;0;0;0;0;0;0
12631;100mN33322E42405;27;15;3;5;0;3;15;6;0;3;0;0;3;15;6;3;3;0;0;0;0;0
12632;100mN33322E42406;117;63;23;16;8;7;63;25;0;13;4;4;7;63;32;13;7;3;0;0;0;0
12633;100mN33322E42407;139;71;33;17;4;14;71;27;0;23;4;0;14;71;46;14;5;0;3;0;0;0
12634;100mN33322E42408;132;83;29;4;9;7;83;15;0;18;8;0;7;83;34;10;3;0;3;0;0;0
12635;100mN33322E42409;178;112;28;15;10;13;112;21;0;22;9;0;13;112;40;16;9;0;0;0;0;0
12636;100mN33322E42410;82;40;18;14;4;6;40;22;0;9;4;0;6;40;26;9;4;3;0;0;0;0
12637;100mN33322E42411;145;77;38;12;6;12;77;34;3;14;4;3;12;77;48;14;4;0;3;0;0;0
12638;100mN33322E42412;149;109;10;7;13;10;109;11;0;6;13;0;10;109;24;10;4;0;0;0;0;0
12639;100mN33322E42413;31;18;8;5;0;0;18;9;0;4;0;0;0;18;7;0;3;0;3;0;0;0
12640;100mN33322E42414;76;45;12;10;4;5;45;20;0;3;3;3;5;45;19;3;8;0;0;0;0;0
12641;100mN33322E42415;64;31;15;11;4;3;31;21;0;5;3;0;3;31;19;4;6;3;0;0;0;0
12642;100mN33322E42416;60;36;10;7;3;5;36;12;0;5;3;0;5;36;15;4;3;0;0;0;0;0
12833;100mN33323E42393;71;39;13;4;11;4;39;15;0;3;10;0;4;39;24;6;3;0;0;0;0;0
12834;100mN33323E42394;87;52;23;3;4;5;52;14;0;12;4;0;5;52;29;5;0;0;0;0;0;0
12835;100mN33323E42395;71;46;13;7;3;3;46;11;0;9;3;0;3;46;17;3;5;0;0;0;0;0
12836;100mN33323E42396;0;0;0;0;0;0;0;0;0;0;0;0;0;0;0;0;0;0;0;0;0;0
12837;100mN33323E42397;80;35;27;10;7;0;35;24;0;13;6;0;0;35;30;8;5;0;0;0;0;0
12838;100mN33323E42398;53;19;17;10;3;5;19;16;0;11;3;0;5;19;21;5;3;4;3;0;0;0
12839;100mN33323E42399;67;27;15;17;3;5;27;27;0;5;3;0;5;27;20;4;12;3;3;0;0;0
12840;100mN33323E42400;78;39;19;13;3;4;39;27;0;5;3;0;4;39;24;8;6;0;0;0;0;0
12841;100mN33323E42401;3;3;0;0;0;0;3;0;0;0;0;0;0;3;0;0;0;0;0;0;0;0
12842;100mN33323E42402;0;0;0;0;0;0;0;0;0;0;0;0;0;0;0;0;0;0;0;0;0;0
12843;100mN33323E42403;0;0;0;0;0;0;0;0;0;0;0;0;0;0;0;0;0;0;0;0;0;0
12844;100mN33323E42404;6;0;5;0;0;0;0;0;0;4;0;0;0;0;4;0;0;0;0;0;0;0
12845;100mN33323E42405;103;58;17;13;5;10;58;21;0;9;4;0;10;58;27;6;8;4;0;0;0;0
12846;100mN33323E42406;89;47;16;13;4;9;47;17;0;11;3;0;9;47;26;9;5;0;0;0;0;0
12847;100mN33323E42407;78;39;21;10;4;4;39;16;0;15;4;0;4;39;25;8;6;0;0;0;0;0
12848;100mN33323E42408;3;0;0;0;0;0;0;3;0;0;0;0;0;0;0;0;0;0;0;0;0;0
12849;100mN33323E42409;83;52;19;5;4;3;52;13;0;11;4;0;3;52;23;4;4;0;0;0;0;0
12850;100mN33323E42410;105;51;21;19;10;4;51;30;0;9;7;3;4;51;27;10;12;5;0;0;0;0
12851;100mN33323E42411;107;54;26;18;7;3;54;35;0;9;7;0;3;54;27;16;7;3;0;0;0;0
12852;100mN33323E42412;37;23;5;6;3;0;23;7;0;4;3;0;0;23;8;4;0;0;0;0;0;0
12853;100mN33323E42413;50;19;19;3;0;8;19;17;0;5;0;0;8;19;24;3;3;0;0;0;0;0
12854;100mN33323E42414;48;25;11;10;3;0;25;19;0;3;3;0;0;25;10;6;3;3;3;0;0;0
12855;100mN33323E42415;67;29;16;13;8;0;29;25;0;3;8;0;0;29;22;13;3;0;0;0;0;0
12856;100mN33323E42416;25;10;6;4;4;0;10;6;0;4;4;0;0;10;9;3;3;0;0;0;0;0
12857;100mN33323E42417;0;0;0;0;0;0;0;0;0;0;0;0;0;0;0;0;0;0;0;0;0;0
13045;100mN33324E42390;81;26;26;18;3;8;26;36;0;8;3;0;8;26;29;9;10;3;5;0;0;0
13048;100mN33324E42393;119;72;26;12;4;5;72;29;0;9;3;0;5;72;33;10;3;0;0;0;0;0
13049;100mN33324E42394;79;42;16;11;8;3;42;19;0;8;6;3;3;42;23;10;3;0;0;0;0;0
13050;100mN33324E42395;47;30;9;4;3;0;30;10;0;3;3;0;0;30;11;3;3;0;0;0;0;0
13051;100mN33324E42396;25;15;5;3;0;3;15;3;0;4;0;0;3;15;7;3;0;0;0;0;0;0
13052;100mN33324E42397;96;45;26;11;6;8;45;22;0;15;5;0;8;45;30;13;6;3;0;0;0;0
13053;100mN33324E42398;69;35;11;8;7;8;35;13;0;6;4;3;8;35;21;9;3;0;0;0;0;0
13054;100mN33324E42399;92;51;13;9;8;11;51;14;0;8;7;0;11;51;23;11;3;3;0;0;0;0
13055;100mN33324E42400;54;31;8;6;5;4;31;9;0;5;4;0;4;31;17;4;3;0;0;0;0;0
13056;100mN33324E42401;0;0;0;0;0;0;0;0;0;0;0;0;0;0;0;0;0;0;0;0;0;0
13057;100mN33324E42402;3;0;0;0;3;0;0;0;0;0;3;0;0;0;0;0;0;0;0;0;0;0
13058;100mN33324E42403;0;0;0;0;0;0;0;0;0;0;0;0;0;0;0;0;0;0;0;0;0;0
13059;100mN33324E42404;70;39;11;8;6;6;39;13;0;6;6;0;6;39;20;6;4;0;0;0;0;0
13060;100mN33324E42405;117;61;20;19;9;8;61;25;0;14;8;0;8;61;29;13;8;4;3;0;0;0
13061;100mN33324E42406;124;63;27;12;14;8;63;22;0;16;10;4;8;63;41;10;7;3;0;0;0;0
13062;100mN33324E42407;76;35;23;6;6;6;35;15;0;14;5;0;6;35;26;9;4;3;0;0;0;0
13063;100mN33324E42408;72;57;8;0;0;7;57;7;0;0;0;0;7;57;14;0;0;0;0;0;0;0
13064;100mN33324E42409;89;58;13;11;3;4;58;16;0;8;3;0;4;58;14;11;0;3;3;0;0;0
13065;100mN33324E42410;132;78;24;7;15;8;78;16;0;15;13;3;8;78;36;9;7;3;0;0;0;0
13066;100mN33324E42411;70;51;4;7;5;3;51;9;0;3;5;0;3;51;11;4;3;0;0;0;0;0
13067;100mN33324E42412;37;18;12;4;0;3;18;13;0;3;0;0;3;18;14;5;0;0;0;0;0;0
13068;100mN33324E42413;68;21;24;16;6;0;21;33;0;7;5;0;0;21;25;11;4;4;3;0;0;0
13069;100mN33324E42414;55;15;19;13;4;4;15;28;0;4;3;3;4;15;22;10;6;3;0;0;0;0
13070;100mN33324E42415;83;58;15;3;5;3;58;11;0;6;3;3;3;58;21;0;3;0;0;0;0;0
13071;100mN33324E42416;65;41;16;3;3;3;41;15;0;4;3;0;3;41;21;3;0;0;0;0;0;0
13072;100mN33324E42417;37;19;13;3;3;0;19;13;0;3;3;0;0;19;16;3;0;0;0;0;0;0
13073;100mN33324E42418;29;16;3;7;0;3;16;9;0;0;0;0;3;16;5;7;0;0;0;0;0;0
13263;100mN33325E42391;68;37;17;0;7;6;37;7;0;11;5;3;6;37;26;3;0;3;0;0;0;0
13264;100mN33325E42392;107;66;21;8;8;4;66;24;0;5;5;3;4;66;30;6;5;0;0;0;0;0
13265;100mN33325E42393;86;59;12;6;5;4;59;12;0;6;5;0;4;59;17;5;3;0;3;0;0;0
13266;100mN33325E42394;106;64;17;11;7;7;64;21;0;7;5;3;7;64;26;11;3;3;0;0;0;0
13267;100mN33325E42395;38;23;5;8;3;0;23;10;0;3;3;0;0;23;7;4;3;0;0;0;0;0
13268;100mN33325E42396;86;45;18;12;7;4;45;21;0;9;6;0;4;45;24;7;7;3;0;0;0;0
13269;100mN33325E42397;104;49;25;11;9;10;49;23;0;13;7;3;10;49;38;8;3;4;3;0;0;0
13270;100mN33325E42398;90;37;23;13;11;6;37;28;0;8;9;3;6;37;34;9;6;3;3;0;0;0
13271;100mN33325E42399;46;22;9;8;4;3;22;11;0;6;4;0;3;22;14;5;3;3;0;0;0;0
13272;100mN33325E42400;9;6;3;0;0;0;6;3;0;0;0;0;0;6;3;0;0;0;0;0;0;0
13273;100mN33325E42401;0;0;0;0;0;0;0;0;0;0;0;0;0;0;0;0;0;0;0;0;0;0
13274;100mN33325E42402;0;0;0;0;0;0;0;0;0;0;0;0;0;0;0;0;0;0;0;0;0;0
13275;100mN33325E42403;5;0;3;0;0;0;0;3;0;0;0;0;0;0;3;0;0;0;0;0;0;0
13276;100mN33325E42404;50;24;9;8;6;3;24;12;0;5;6;0;3;24;15;7;3;0;0;0;0;0
13277;100mN33325E42405;101;43;22;21;10;5;43;32;0;11;9;0;5;43;33;15;9;0;0;0;0;0
13278;100mN33325E42406;126;54;27;17;11;17;54;28;0;16;10;0;17;54;46;12;9;4;0;0;0;0
13279;100mN33325E42407;71;15;30;15;9;3;15;37;0;8;6;3;3;15;33;15;7;0;0;0;0;0
13280;100mN33325E42408;101;43;36;13;4;5;43;35;0;14;4;0;5;43;40;9;5;3;3;0;0;0
13281;100mN33325E42409;67;31;13;13;6;4;31;22;0;4;5;0;4;31;15;11;8;0;3;0;0;0
13282;100mN33325E42410;112;78;11;7;16;0;78;15;0;3;15;0;0;78;20;10;4;0;0;0;0;0
13283;100mN33325E42411;43;32;5;0;3;3;32;3;0;3;3;0;3;32;8;0;3;0;0;0;0;0
13284;100mN33325E42412;41;14;9;7;5;6;14;11;0;5;5;0;6;14;18;6;3;0;0;0;0;0
13285;100mN33325E42413;104;51;33;10;7;3;51;26;0;17;7;0;3;51;35;9;5;3;0;0;0;0
13286;100mN33325E42414;65;33;24;6;0;3;33;23;0;7;0;0;3;33;25;3;3;0;0;0;0;0
13287;100mN33325E42415;131;99;20;7;3;3;99;16;0;10;3;0;3;99;24;7;0;0;0;0;0;0
13288;100mN33325E42416;39;10;17;6;3;4;10;12;0;11;3;0;4;10;17;7;5;0;0;0;0;0
13289;100mN33325E42417;88;47;15;16;8;3;47;27;0;4;7;0;3;47;19;13;8;0;0;0;0;0
13290;100mN33325E42418;221;195;11;8;5;3;195;16;0;3;5;0;3;195;14;4;6;0;0;0;0;0
13291;100mN33325E42419;63;29;20;6;6;3;29;23;0;3;6;0;3;29;26;4;4;0;0;0;0;0
13479;100mN33326E42391;106;57;13;15;12;9;57;16;0;12;11;0;9;57;27;12;5;4;0;0;0;0
13480;100mN33326E42392;89;41;25;14;5;4;41;31;0;8;3;3;4;41;28;11;8;0;0;0;0;0
13481;100mN33326E42393;115;69;25;11;7;3;69;23;0;13;5;3;3;69;33;8;3;0;3;0;0;0
13482;100mN33326E42394;78;51;13;5;3;6;51;8;0;10;3;0;6;51;19;5;0;0;0;0;0;0
13483;100mN33326E42395;93;49;19;7;10;8;49;13;0;13;10;0;8;49;35;5;4;0;0;0;0;0
13484;100mN33326E42396;139;78;28;13;10;10;78;27;0;14;9;0;10;78;41;5;10;4;0;0;0;0
13485;100mN33326E42397;84;45;16;13;3;7;45;20;0;9;3;0;7;45;19;10;5;3;3;0;0;0
13486;100mN33326E42398;31;8;10;7;4;3;8;13;0;4;4;0;3;8;13;6;3;0;0;0;0;0
13487;100mN33326E42399;63;30;11;10;10;3;30;15;0;6;9;0;3;30;15;8;5;0;3;0;0;0
13488;100mN33326E42400;0;0;0;0;0;0;0;0;0;0;0;0;0;0;0;0;0;0;0;0;0;0
13489;100mN33326E42401;0;0;0;0;0;0;0;0;0;0;0;0;0;0;0;0;0;0;0;0;0;0
13490;100mN33326E42402;0;0;0;0;0;0;0;0;0;0;0;0;0;0;0;0;0;0;0;0;0;0
13491;100mN33326E42403;16;4;7;3;0;3;4;3;0;7;0;0;3;4;7;3;3;0;0;0;0;0
13492;100mN33326E42404;68;24;10;19;11;4;24;26;0;3;10;0;4;24;20;5;11;5;3;0;0;0
13493;100mN33326E42405;106;52;18;13;17;6;52;24;0;7;14;3;6;52;33;11;3;7;0;0;0;0
13494;100mN33326E42406;68;30;14;13;7;4;30;19;0;8;6;0;4;30;21;13;3;3;0;0;0;0
13495;100mN33326E42407;97;46;27;14;3;7;46;29;0;12;3;0;7;46;35;7;8;0;0;0;0;0
13496;100mN33326E42408;58;27;14;9;3;6;27;16;0;7;3;0;6;27;18;8;4;0;0;0;0;0
13497;100mN33326E42409;80;23;20;29;5;3;23;42;0;7;5;0;3;23;25;13;16;0;3;0;0;0
13498;100mN33326E42410;124;62;29;18;12;3;62;31;0;16;10;3;3;62;37;14;7;3;3;0;0;0
13499;100mN33326E42411;45;30;15;0;0;0;30;13;0;3;0;0;0;30;15;0;0;0;0;0;0;0
13500;100mN33326E42412;31;22;5;4;0;0;22;7;0;3;0;0;0;22;5;0;4;0;0;0;0;0
13501;100mN33326E42413;94;60;21;3;3;8;60;13;0;10;3;0;8;60;27;6;0;0;0;0;0;0
13502;100mN33326E42414;52;16;16;12;3;5;16;25;0;3;3;0;5;16;22;6;5;3;0;0;0;0
13503;100mN33326E42415;93;62;16;5;4;6;62;9;0;12;4;0;6;62;23;4;3;3;0;0;0;0
13504;100mN33326E42416;50;18;15;11;5;0;18;21;0;5;4;0;0;18;20;8;3;0;0;0;0;0
13505;100mN33326E42417;130;82;25;10;11;3;82;24;0;11;10;0;3;82;34;7;6;0;0;0;0;0
13506;100mN33326E42418;64;34;18;8;3;0;34;21;0;5;3;0;0;34;20;7;3;0;0;0;0;0
13507;100mN33326E42419;22;6;7;9;0;0;6;14;0;3;0;0;0;6;6;5;4;0;0;0;0;0
13508;100mN33326E42420;36;7;10;19;0;0;7;25;0;4;0;0;0;7;10;10;8;0;0;0;0;0
13690;100mN33327E42391;3;3;0;0;0;0;3;0;0;0;0;0;0;3;0;0;0;0;0;0;0;0
13691;100mN33327E42392;54;30;13;7;0;3;30;15;0;5;0;0;3;30;16;4;3;0;0;0;0;0
13692;100mN33327E42393;71;39;15;5;3;9;39;12;0;8;3;0;9;39;24;4;3;0;0;0;0;0
13693;100mN33327E42394;85;64;11;4;4;3;64;11;0;4;4;0;3;64;15;3;3;0;0;0;0;0
13694;100mN33327E42395;143;68;37;12;13;13;68;23;0;26;12;0;13;68;52;13;3;3;4;0;0;0
13695;100mN33327E42396;106;46;25;10;13;12;46;20;0;15;10;3;12;46;39;10;7;0;3;0;0;0
13696;100mN33327E42397;70;42;17;0;3;7;42;13;0;5;3;0;7;42;19;6;3;0;0;0;0;0
13697;100mN33327E42398;85;32;25;12;10;6;32;28;0;9;8;3;6;32;34;8;6;4;0;0;0;0
13698;100mN33327E42399;84;44;18;8;8;6;44;13;0;13;7;0;6;44;26;12;0;0;0;0;0;0
13699;100mN33327E42400;27;8;8;9;0;0;8;14;0;3;0;0;0;8;9;6;3;3;0;0;0;0
13700;100mN33327E42401;3;0;0;0;0;0;0;0;0;0;0;0;0;0;0;0;0;0;0;0;0;0
13701;100mN33327E42402;0;0;0;0;0;0;0;0;0;0;0;0;0;0;0;0;0;0;0;0;0;0
13702;100mN33327E42403;0;0;0;0;0;0;0;0;0;0;0;0;0;0;0;0;0;0;0;0;0;0
13703;100mN33327E42404;40;13;9;7;5;6;13;12;0;4;5;0;6;13;17;6;3;3;0;0;0;0
13704;100mN33327E42405;110;60;26;12;5;7;60;30;0;8;4;0;7;60;33;12;4;0;0;0;0;0
13705;100mN33327E42406;115;69;21;15;7;3;69;29;0;7;6;0;3;69;26;9;9;0;0;0;0;0
13706;100mN33327E42407;71;34;16;12;6;3;34;23;0;5;5;0;3;34;20;11;4;0;0;0;0;0
13707;100mN33327E42408;7;3;3;3;0;0;3;5;0;0;0;0;0;3;3;3;0;0;0;0;0;0
13708;100mN33327E42409;81;28;25;13;3;13;28;27;0;11;3;0;13;28;31;14;8;0;0;0;0;0
13709;100mN33327E42410;68;24;12;16;9;7;24;23;0;5;8;0;7;24;22;14;8;0;0;0;0;0
13710;100mN33327E42411;48;33;6;6;3;0;33;12;0;0;3;0;0;33;8;4;3;0;0;0;0;0
13711;100mN33327E42412;48;18;14;12;3;0;18;23;0;3;3;0;0;18;15;10;4;0;0;0;0;0
13712;100mN33327E42413;57;30;10;12;5;0;30;15;0;7;3;0;0;30;12;5;5;4;0;0;0;0
13713;100mN33327E42414;67;32;8;19;3;5;32;22;0;5;3;0;5;32;12;7;13;3;0;0;0;0
13714;100mN33327E42415;54;10;17;20;5;3;10;33;0;4;4;0;3;10;20;13;10;0;0;0;0;0
13715;100mN33327E42416;60;23;16;11;10;0;23;22;0;5;8;3;0;23;22;14;0;0;0;0;0;0
13716;100mN33327E42417;10;3;6;0;0;0;3;6;0;0;0;0;0;3;6;0;0;0;0;0;0;0
13717;100mN33327E42418;22;8;11;3;0;0;8;13;0;0;0;0;0;8;12;0;0;0;0;0;0;0
13718;100mN33327E42419;25;3;13;7;3;0;3;18;0;3;3;0;0;3;12;8;0;0;0;0;0;0
13719;100mN33327E42420;48;10;16;22;0;0;10;36;0;3;0;0;0;10;14;16;7;0;0;0;0;0
13720;100mN33327E42421;37;13;14;7;3;0;13;17;0;4;3;0;0;13;16;5;3;0;0;0;0;0
13900;100mN33328E42391;69;21;13;20;8;7;21;27;0;6;7;0;7;21;19;13;14;0;0;0;0;0
13901;100mN33328E42392;78;29;17;13;10;9;29;21;0;9;8;3;9;29;24;12;6;5;3;0;0;0
13902;100mN33328E42393;59;30;15;9;0;4;30;14;0;10;0;0;4;30;18;7;3;0;0;0;0;0
13903;100mN33328E42394;76;28;17;13;9;9;28;25;0;5;6;3;9;28;28;14;4;0;0;0;0;0
13904;100mN33328E42395;125;65;23;15;15;7;65;31;0;6;12;3;7;65;35;11;8;3;3;0;0;0
13905;100mN33328E42396;77;24;31;13;6;3;24;31;0;13;6;0;3;24;35;13;4;0;0;0;0;0
13906;100mN33328E42397;43;13;16;8;4;3;13;21;0;3;3;0;3;13;22;4;3;0;0;0;0;0
13907;100mN33328E42398;50;24;14;6;5;0;24;15;0;5;4;0;0;24;15;3;4;3;3;0;0;0
13908;100mN33328E42399;75;32;16;12;7;8;32;17;0;11;6;0;8;32;26;9;7;0;0;0;0;0
13909;100mN33328E42400;10;4;3;0;3;0;4;3;0;0;3;0;0;4;4;0;0;0;0;0;0;0
13910;100mN33328E42401;5;3;3;0;0;0;3;3;0;0;0;0;0;3;3;0;0;0;0;0;0;0
13911;100mN33328E42402;0;0;0;0;0;0;0;0;0;0;0;0;0;0;0;0;0;0;0;0;0;0
13912;100mN33328E42403;0;0;0;0;0;0;0;0;0;0;0;0;0;0;0;0;0;0;0;0;0;0
13913;100mN33328E42404;13;6;4;0;0;3;6;3;0;3;0;0;3;6;6;0;0;0;0;0;0;0
13914;100mN33328E42405;32;20;7;3;0;0;20;8;0;0;0;0;0;20;9;0;0;0;0;0;0;0
13915;100mN33328E42406;83;34;14;15;14;6;34;19;0;10;13;0;6;34;31;8;8;0;0;0;0;0
13916;100mN33328E42407;62;18;13;16;10;5;18;26;0;3;9;0;5;18;24;10;10;0;0;0;0;0
13917;100mN33328E42408;69;27;16;21;3;3;27;31;0;6;3;0;3;27;17;12;7;3;3;0;0;0
13918;100mN33328E42409;58;16;22;15;4;0;16;29;0;8;3;0;0;16;27;5;6;3;0;0;0;0
13919;100mN33328E42410;62;19;18;12;8;5;19;23;0;7;8;0;5;19;26;11;6;0;0;0;0;0
13920;100mN33328E42411;47;31;7;5;0;3;31;11;0;0;0;0;3;31;9;4;3;0;0;0;0;0
13921;100mN33328E42412;39;9;8;18;3;0;9;23;0;3;3;0;0;9;10;12;6;3;0;0;0;0
13922;100mN33328E42413;67;16;19;19;12;0;16;30;0;8;12;0;0;16;25;16;6;3;0;0;0;0
13923;100mN33328E42414;43;13;18;9;3;0;13;24;0;3;3;0;0;13;18;9;3;0;0;0;0;0
13924;100mN33328E42415;30;14;12;0;3;0;14;12;0;0;0;0;0;14;15;0;0;0;0;0;0;0
13925;100mN33328E42416;29;11;17;0;0;0;11;14;0;4;0;0;0;11;17;0;0;0;0;0;0;0
13926;100mN33328E42417;18;0;11;5;0;0;0;16;0;0;0;0;0;0;11;3;3;3;0;0;0;0
13927;100mN33328E42418;22;3;13;7;0;0;3;20;0;0;0;0;0;3;13;3;3;0;0;0;0;0
13928;100mN33328E42419;53;19;25;6;3;0;19;27;0;4;3;0;0;19;27;6;0;0;0;0;0;0
13929;100mN33328E42420;67;26;22;10;8;0;26;23;0;9;7;0;0;26;23;9;5;3;0;0;0;0
13930;100mN33328E42421;90;47;28;7;4;4;47;20;0;15;3;0;4;47;32;7;3;0;0;0;0;0
14109;100mN33329E42391;54;29;10;10;4;0;29;18;0;3;3;0;0;29;15;3;5;0;0;0;0;0
14110;100mN33329E42392;27;16;4;4;0;3;16;7;0;0;0;0;3;16;6;3;0;0;0;0;0;0
14111;100mN33329E42393;34;11;12;7;3;0;11;12;0;7;3;0;0;11;13;5;4;0;0;0;0;0
14112;100mN33329E42394;7;0;0;4;0;0;0;4;0;0;0;0;0;0;0;0;3;0;0;0;0;0
14113;100mN33329E42395;36;21;4;7;0;3;21;6;0;5;0;0;3;21;6;4;3;3;0;0;0;0
14114;100mN33329E42396;91;40;22;15;4;10;40;32;0;5;0;3;10;40;28;16;6;0;0;0;0;0
14115;100mN33329E42397;52;27;8;6;3;8;27;9;0;5;3;0;8;27;12;9;4;0;0;0;0;0
14116;100mN33329E42398;76;30;20;12;5;9;30;19;0;13;4;0;9;30;30;6;4;0;5;0;0;0
14117;100mN33329E42399;48;22;12;6;3;6;22;14;0;4;3;0;6;22;18;3;0;3;3;0;0;0
14118;100mN33329E42400;60;29;17;9;3;3;29;15;0;11;3;0;3;29;18;6;3;3;3;0;0;0
14119;100mN33329E42401;46;10;16;14;4;3;10;26;0;4;3;0;3;10;18;14;4;0;0;0;0;0
14120;100mN33329E42402;3;0;0;3;0;0;0;0;0;3;0;0;0;0;0;0;0;3;0;0;0;0
14121;100mN33329E42403;0;0;0;0;0;0;0;0;0;0;0;0;0;0;0;0;0;0;0;0;0;0
14122;100mN33329E42404;0;0;0;0;0;0;0;0;0;0;0;0;0;0;0;0;0;0;0;0;0;0
14123;100mN33329E42405;0;0;0;0;0;0;0;0;0;0;0;0;0;0;0;0;0;0;0;0;0;0
14124;100mN33329E42406;6;4;0;0;3;0;4;0;0;0;3;0;0;4;3;0;0;0;0;0;0;0
14125;100mN33329E42407;7;3;0;0;3;0;3;3;0;0;3;0;0;3;3;0;0;0;0;0;0;0
14126;100mN33329E42408;47;16;12;13;3;3;16;22;0;3;3;0;3;16;18;5;7;0;0;0;0;0
14127;100mN33329E42409;42;17;8;12;4;0;17;14;0;6;4;0;0;17;8;8;9;0;0;0;0;0
14128;100mN33329E42410;35;18;7;3;6;0;18;5;0;5;5;0;0;18;14;3;0;0;0;0;0;0
14129;100mN33329E42411;32;17;5;3;3;4;17;4;0;4;3;0;4;17;11;3;0;0;0;0;0;0
14130;100mN33329E42412;59;38;12;4;5;0;38;12;0;4;5;0;0;38;14;5;0;0;0;0;0;0
14131;100mN33329E42413;17;5;5;6;0;0;5;11;0;0;0;0;0;5;5;4;3;0;0;0;0;0
14132;100mN33329E42414;19;9;6;3;3;0;9;8;0;0;0;0;0;9;7;3;0;0;0;0;0;0
14133;100mN33329E42415;51;27;18;4;0;0;27;20;0;3;0;0;0;27;19;5;0;0;0;0;0;0
14134;100mN33329E42416;30;7;15;7;0;0;7;20;0;3;0;0;0;7;16;0;5;0;0;0;0;0
14135;100mN33329E42417;52;27;16;5;4;0;27;17;0;4;4;0;0;27;18;4;3;0;0;0;0;0
14136;100mN33329E42418;100;47;23;14;11;5;47;26;0;11;9;3;5;47;31;11;7;3;0;0;0;0
14137;100mN33329E42419;103;66;23;7;3;4;66;23;0;7;3;0;4;66;27;9;0;0;0;0;0;0
14138;100mN33329E42420;48;26;15;3;4;0;26;10;0;8;4;0;0;26;16;4;3;0;0;0;0;0
14139;100mN33329E42421;37;14;4;13;6;0;14;15;0;3;5;0;0;14;8;7;4;4;0;0;0;0
14140;100mN33329E42422;24;3;12;8;0;0;3;17;0;3;0;0;0;3;13;4;3;3;0;0;0;0
14315;100mN33330E42391;34;21;7;4;3;0;21;8;0;3;3;0;0;21;7;3;0;0;3;0;0;0
14316;100mN33330E42392;34;11;7;7;6;3;11;11;0;3;4;3;3;11;8;6;8;0;0;0;0;0
14317;100mN33330E42393;88;31;21;17;11;8;31;28;0;10;9;3;8;31;32;15;10;0;0;0;0;0
14318;100mN33330E42394;79;38;19;15;4;3;38;26;0;8;3;0;3;38;24;8;7;3;0;0;0;0
14319;100mN33330E42395;62;29;19;6;5;3;29;21;0;4;5;0;3;29;25;3;3;0;0;0;0;0
14320;100mN33330E42396;53;26;10;9;5;3;26;10;0;9;4;0;3;26;16;6;4;0;0;0;0;0
14321;100mN33330E42397;57;17;18;7;4;11;17;10;0;15;4;0;11;17;25;12;0;3;0;0;0;0
14322;100mN33330E42398;52;19;15;12;0;5;19;20;0;7;0;0;5;19;18;7;3;3;4;0;0;0
14323;100mN33330E42399;29;14;8;3;3;3;14;6;0;3;3;0;3;14;11;3;0;0;0;0;0;0
14324;100mN33330E42400;34;18;5;5;4;3;18;4;0;6;3;0;3;18;7;7;0;0;0;0;0;0
14325;100mN33330E42401;9;3;3;0;3;0;3;4;0;0;3;0;0;3;4;0;3;0;0;0;0;0
14326;100mN33330E42402;73;38;11;14;6;4;38;19;0;6;6;0;4;38;16;14;4;0;0;0;0;0
14327;100mN33330E42403;60;38;10;5;3;4;38;13;0;3;0;3;4;38;12;5;4;0;0;0;0;0
14328;100mN33330E42404;0;0;0;0;0;0;0;0;0;0;0;0;0;0;0;0;0;0;0;0;0;0
14329;100mN33330E42405;0;0;0;0;0;0;0;0;0;0;0;0;0;0;0;0;0;0;0;0;0;0
14330;100mN33330E42406;0;0;0;0;0;0;0;0;0;0;0;0;0;0;0;0;0;0;0;0;0;0
14331;100mN33330E42407;0;0;0;0;0;0;0;0;0;0;0;0;0;0;0;0;0;0;0;0;0;0
14332;100mN33330E42408;0;0;0;0;0;0;0;0;0;0;0;0;0;0;0;0;0;0;0;0;0;0
14333;100mN33330E42409;12;6;3;0;3;0;6;3;0;0;3;0;0;6;5;0;0;0;0;0;0;0
14334;100mN33330E42410;53;25;18;4;5;0;25;15;0;7;4;0;0;25;23;3;3;0;0;0;0;0
14335;100mN33330E42411;68;54;10;0;0;3;54;5;0;6;0;0;3;54;12;0;3;0;0;0;0;0
14336;100mN33330E42412;46;27;14;3;3;0;27;12;0;4;3;0;0;27;16;3;0;0;0;0;0;0
14337;100mN33330E42413;21;4;10;7;0;0;4;17;0;0;0;0;0;4;9;3;3;3;0;0;0;0
14338;100mN33330E42414;23;5;10;6;0;3;5;14;0;3;0;0;3;5;12;0;3;3;0;0;0;0
14339;100mN33330E42415;81;58;15;3;4;0;58;16;0;3;3;0;0;58;17;3;3;0;0;0;0;0
14340;100mN33330E42416;92;48;22;14;5;3;48;28;0;8;4;0;3;48;27;15;0;0;0;0;0;0
14341;100mN33330E42417;165;107;24;19;11;4;107;21;0;22;10;0;4;107;31;16;10;0;0;0;0;0
14342;100mN33330E42418;94;65;9;10;9;0;65;14;0;5;9;0;0;65;14;9;3;3;0;0;0;0
14343;100mN33330E42419;69;44;12;9;4;0;44;14;0;7;4;0;0;44;11;10;4;0;0;0;0;0
14344;100mN33330E42420;51;32;14;3;0;3;32;15;0;3;0;0;3;32;16;3;0;0;0;0;0;0
14345;100mN33330E42421;18;4;3;11;0;0;4;12;0;0;0;0;0;4;3;5;7;0;0;0;0;0
14346;100mN33330E42422;40;15;15;8;0;0;15;19;0;4;0;0;0;15;17;3;5;0;0;0;0;0
14512;100mN33331E42390;46;22;10;10;4;0;22;16;0;4;4;0;0;22;12;6;3;3;0;0;0;0
14513;100mN33331E42391;81;31;21;8;10;11;31;11;0;18;5;5;11;31;31;11;4;4;0;0;0;0
14514;100mN33331E42392;82;36;16;13;8;9;36;20;0;9;7;0;9;36;27;11;6;3;0;0;0;0
14515;100mN33331E42393;68;33;15;11;5;4;33;21;0;5;5;0;4;33;19;9;7;0;0;0;0;0
14516;100mN33331E42394;47;24;12;4;4;3;24;10;0;6;3;0;3;24;16;5;3;0;0;0;0;0
14517;100mN33331E42395;75;33;18;13;8;3;33;24;0;7;6;3;3;33;27;8;3;3;3;0;0;0
14518;100mN33331E42396;65;26;15;9;7;8;26;18;0;6;3;4;8;26;25;7;5;0;0;0;0;0
14519;100mN33331E42397;22;9;5;4;0;4;9;7;0;3;0;0;4;9;6;4;0;3;0;0;0;0
14520;100mN33331E42398;0;0;0;0;0;0;0;0;0;0;0;0;0;0;0;0;0;0;0;0;0;0
14521;100mN33331E42399;46;26;8;9;0;3;26;9;0;8;0;0;3;26;8;4;5;0;0;0;0;0
14522;100mN33331E42400;52;23;10;8;3;8;23;11;0;6;3;0;8;23;13;11;0;3;0;0;0;0
14523;100mN33331E42401;29;11;6;6;4;3;11;11;0;0;3;0;3;11;8;7;3;0;0;0;0;0
14524;100mN33331E42402;42;20;11;8;0;3;20;13;0;6;0;0;3;20;14;6;0;0;0;0;0;0
14525;100mN33331E42403;39;12;14;10;3;0;12;21;0;3;3;0;0;12;14;9;3;0;0;0;0;0
14526;100mN33331E42404;4;0;0;0;0;3;0;0;0;0;0;0;3;0;0;0;0;0;0;0;0;0
14527;100mN33331E42405;0;0;0;0;0;0;0;0;0;0;0;0;0;0;0;0;0;0;0;0;0;0
14528;100mN33331E42406;0;0;0;0;0;0;0;0;0;0;0;0;0;0;0;0;0;0;0;0;0;0
14529;100mN33331E42407;0;0;0;0;0;0;0;0;0;0;0;0;0;0;0;0;0;0;0;0;0;0
14530;100mN33331E42408;29;20;6;0;3;0;20;5;0;3;3;0;0;20;7;3;0;0;0;0;0;0
14531;100mN33331E42409;69;38;16;6;7;3;38;16;0;6;6;0;3;38;21;5;4;0;0;0;0;0
14532;100mN33331E42410;95;54;22;11;6;3;54;21;0;12;3;4;3;54;25;12;3;3;0;0;0;0
14533;100mN33331E42411;42;16;12;10;3;3;16;16;0;6;0;0;3;16;13;7;6;0;0;0;0;0
14534;100mN33331E42412;44;23;17;3;0;0;23;19;0;0;0;0;0;23;17;0;0;0;0;0;0;0
14535;100mN33331E42413;59;35;12;7;0;4;35;15;0;4;0;0;4;35;16;3;3;0;0;0;0;0
14536;100mN33331E42414;74;36;27;8;3;0;36;33;0;3;0;0;0;36;28;7;3;0;0;0;0;0
14537;100mN33331E42415;29;14;9;3;3;3;14;10;0;0;3;0;3;14;13;3;0;0;0;0;0;0
14538;100mN33331E42416;28;17;9;0;0;0;17;3;0;8;0;0;0;17;10;0;0;0;0;0;0;0
14539;100mN33331E42417;69;38;9;11;8;3;38;15;0;5;8;0;3;38;16;9;5;0;0;0;0;0
14540;100mN33331E42418;35;5;7;16;6;0;5;21;0;3;6;0;0;5;10;9;8;3;0;0;0;0
14541;100mN33331E42419;18;7;4;6;0;0;7;5;0;5;0;0;0;7;4;4;3;0;0;0;0;0
14542;100mN33331E42420;33;16;11;4;3;0;16;11;0;4;0;0;0;16;11;3;0;3;0;0;0;0
14543;100mN33331E42421;38;8;9;18;3;0;8;23;0;4;0;0;0;8;10;8;9;3;0;0;0;0
14544;100mN33331E42422;108;40;33;26;8;0;40;44;0;14;7;0;0;40;38;12;15;3;0;0;0;0
14709;100mN33332E42390;58;23;17;13;4;0;23;22;0;8;4;0;0;23;20;9;5;0;0;0;0;0
14710;100mN33332E42391;89;55;13;10;8;3;55;21;0;3;7;0;3;55;19;4;7;3;3;0;0;0
14711;100mN33332E42392;95;39;21;24;6;5;39;38;0;7;5;0;5;39;23;17;8;4;4;0;0;0
14712;100mN33332E42393;77;28;19;18;3;9;28;30;0;7;3;0;9;28;24;11;8;4;0;0;0;0
14713;100mN33332E42394;60;28;18;8;4;3;28;20;0;6;4;0;3;28;21;5;4;0;0;0;0;0
14714;100mN33332E42395;57;29;15;7;5;0;29;15;0;7;4;0;0;29;17;6;3;0;0;0;0;0
14715;100mN33332E42396;28;14;6;5;0;3;14;9;0;3;0;0;3;14;7;4;3;0;0;0;0;0
14716;100mN33332E42397;0;0;0;0;0;0;0;0;0;0;0;0;0;0;0;0;0;0;0;0;0;0
14717;100mN33332E42398;36;17;6;10;0;3;17;13;0;3;0;0;3;17;9;0;6;3;0;0;0;0
14718;100mN33332E42399;76;40;16;11;3;6;40;19;0;8;0;3;6;40;22;4;9;0;0;0;0;0
14719;100mN33332E42400;80;40;19;12;3;6;40;22;0;8;3;0;6;40;24;9;5;0;3;0;0;0
14720;100mN33332E42401;86;33;17;17;12;7;33;29;0;4;12;0;7;33;31;7;7;5;3;0;0;0
14721;100mN33332E42402;39;27;4;4;3;0;27;5;0;3;3;0;0;27;6;4;0;0;0;0;0;0
14722;100mN33332E42403;43;19;10;7;3;4;19;14;0;3;3;0;4;19;15;4;3;3;0;0;0;0
14723;100mN33332E42404;78;39;16;13;7;3;39;25;0;4;7;0;3;39;20;12;5;0;0;0;0;0
14724;100mN33332E42405;12;5;4;3;0;0;5;5;0;0;0;0;0;5;4;3;0;0;0;0;0;0
14725;100mN33332E42406;0;0;0;0;0;0;0;0;0;0;0;0;0;0;0;0;0;0;0;0;0;0
14726;100mN33332E42407;0;0;0;0;0;0;0;0;0;0;0;0;0;0;0;0;0;0;0;0;0;0
14727;100mN33332E42408;28;10;10;6;3;0;10;15;0;0;3;0;0;10;12;4;3;0;0;0;0;0
14728;100mN33332E42409;57;25;16;9;6;0;25;21;0;4;6;0;0;25;21;6;4;0;0;0;0;0
14729;100mN33332E42410;48;21;15;10;0;0;21;21;0;4;0;0;0;21;17;6;3;0;0;0;0;0
14730;100mN33332E42411;62;27;16;14;4;0;27;29;0;0;3;0;0;27;18;12;5;0;0;0;0;0
14731;100mN33332E42412;95;58;31;5;0;0;58;30;0;5;0;0;0;58;31;5;0;0;0;0;0;0
14732;100mN33332E42413;56;31;15;3;3;4;31;16;0;0;3;0;4;31;19;6;0;0;0;0;0;0
14733;100mN33332E42414;20;7;13;0;0;0;7;11;0;3;0;0;0;7;11;3;0;0;0;0;0;0
14734;100mN33332E42415;0;0;0;0;0;0;0;0;0;0;0;0;0;0;0;0;0;0;0;0;0;0
14735;100mN33332E42416;14;9;3;3;0;0;9;5;0;0;0;0;0;9;3;3;0;0;0;0;0;0
14736;100mN33332E42417;4;0;0;3;0;0;0;3;0;0;0;0;0;0;0;0;3;0;0;0;0;0
14737;100mN33332E42418;17;0;3;15;0;0;0;15;0;3;0;0;0;0;3;5;9;0;0;0;0;0
14738;100mN33332E42419;55;4;5;36;10;0;4;32;0;9;8;3;0;4;11;15;23;3;0;0;0;0
14739;100mN33332E42420;88;29;25;25;5;4;29;42;0;8;5;0;4;29;29;17;12;0;0;0;0;0
14740;100mN33332E42421;82;46;28;5;3;0;46;26;0;7;3;0;0;46;30;4;3;0;0;0;0;0
14741;100mN33332E42422;30;25;4;0;0;0;25;3;0;0;0;0;0;25;5;0;0;0;0;0;0;0
14903;100mN33333E42388;0;0;0;0;0;0;0;0;0;0;0;0;0;0;0;0;0;0;0;0;0;0
14904;100mN33333E42389;10;4;4;3;0;0;4;5;0;0;0;0;0;4;4;0;0;0;0;0;0;0
14905;100mN33333E42390;54;27;13;8;5;0;27;13;0;8;5;0;0;27;16;3;5;3;0;0;0;0
14906;100mN33333E42391;61;27;20;8;3;3;27;26;0;3;3;0;3;27;23;6;4;0;0;0;0;0
14907;100mN33333E42392;77;24;29;19;5;0;24;43;0;5;3;3;0;24;29;12;8;4;0;0;0;0
14908;100mN33333E42393;33;12;12;4;3;3;12;13;0;3;3;0;3;12;11;7;0;0;3;0;0;0
14909;100mN33333E42394;52;19;16;12;4;0;19;24;0;3;4;0;0;19;19;10;4;0;0;0;0;0
14910;100mN33333E42395;38;14;8;11;3;3;14;14;0;4;3;0;3;14;12;3;7;0;0;0;0;0
14911;100mN33333E42396;36;18;3;9;4;3;18;9;0;3;4;0;3;18;6;4;5;0;3;0;0;0
14912;100mN33333E42397;3;0;0;3;0;0;0;3;0;0;0;0;0;0;0;0;3;0;0;0;0;0
14913;100mN33333E42398;60;15;18;17;5;5;15;30;0;5;5;0;5;15;24;7;8;0;5;0;0;0
14914;100mN33333E42399;64;26;22;9;7;0;26;24;0;7;6;0;0;26;21;10;5;3;0;0;0;0
14915;100mN33333E42400;56;27;15;10;3;0;27;18;0;6;3;0;0;27;18;8;3;0;0;0;0;0
14916;100mN33333E42401;37;17;6;6;0;7;17;8;0;4;0;0;7;17;13;4;0;0;0;0;0;0
14917;100mN33333E42402;53;18;14;14;5;3;18;21;0;7;4;0;3;18;16;12;5;0;3;0;0;0
14918;100mN33333E42403;42;22;9;5;5;0;22;14;0;0;5;0;0;22;13;3;3;0;0;0;0;0
14919;100mN33333E42404;60;27;18;8;7;0;27;20;0;6;6;0;0;27;23;8;0;0;0;0;0;0
14920;100mN33333E42405;14;8;0;3;3;0;8;3;0;0;0;0;0;8;3;0;0;0;0;0;0;0
14921;100mN33333E42406;0;0;0;0;0;0;0;0;0;0;0;0;0;0;0;0;0;0;0;0;0;0
14922;100mN33333E42407;0;0;0;0;0;0;0;0;0;0;0;0;0;0;0;0;0;0;0;0;0;0
14923;100mN33333E42408;0;0;0;0;0;0;0;0;0;0;0;0;0;0;0;0;0;0;0;0;0;0
14924;100mN33333E42409;0;0;0;0;0;0;0;0;0;0;0;0;0;0;0;0;0;0;0;0;0;0
14925;100mN33333E42410;0;0;0;0;0;0;0;0;0;0;0;0;0;0;0;0;0;0;0;0;0;0
14926;100mN33333E42411;13;4;5;3;0;0;4;7;0;0;0;0;0;4;5;4;0;0;0;0;0;0
14927;100mN33333E42412;38;25;9;3;0;0;25;11;0;0;0;0;0;25;10;3;0;0;0;0;0;0
14928;100mN33333E42413;43;21;13;4;3;3;21;12;0;5;3;0;3;21;16;5;0;0;0;0;0;0
14929;100mN33333E42414;0;0;0;0;0;0;0;0;0;0;0;0;0;0;0;0;0;0;0;0;0;0
14930;100mN33333E42415;3;0;0;0;0;0;0;0;0;0;0;0;0;0;3;0;0;0;0;0;0;0
14931;100mN33333E42416;0;0;0;0;0;0;0;0;0;0;0;0;0;0;0;0;0;0;0;0;0;0
14932;100mN33333E42417;0;0;0;0;0;0;0;0;0;0;0;0;0;0;0;0;0;0;0;0;0;0
14933;100mN33333E42418;81;51;16;12;0;3;51;23;0;5;0;0;3;51;17;6;7;0;0;0;0;0
14934;100mN33333E42419;90;35;41;8;6;0;35;37;0;12;6;0;0;35;44;4;5;0;3;0;0;0
14935;100mN33333E42420;9;3;6;0;0;0;3;4;0;3;0;0;0;3;6;0;0;0;0;0;0;0
14936;100mN33333E42421;0;0;0;0;0;0;0;0;0;0;0;0;0;0;0;0;0;0;0;0;0;0
14937;100mN33333E42422;0;0;0;0;0;0;0;0;0;0;0;0;0;0;0;0;0;0;0;0;0;0
15097;100mN33334E42387;0;0;0;0;0;0;0;0;0;0;0;0;0;0;0;0;0;0;0;0;0;0
15098;100mN33334E42388;0;0;0;0;0;0;0;0;0;0;0;0;0;0;0;0;0;0;0;0;0;0
15099;100mN33334E42389;32;19;7;3;3;0;19;6;0;4;3;0;0;19;9;0;3;0;0;0;0;0
15100;100mN33334E42390;52;35;11;3;3;0;35;7;0;7;3;0;0;35;13;4;0;0;0;0;0;0
15101;100mN33334E42391;29;13;4;3;7;3;13;4;0;3;6;0;3;13;9;6;0;0;0;0;0;0
15102;100mN33334E42392;94;47;27;7;8;5;47;23;0;11;6;3;5;47;38;4;5;0;0;0;0;0
15103;100mN33334E42393;60;29;20;4;4;3;29;17;0;7;3;0;3;29;25;3;3;0;3;0;0;0
15104;100mN33334E42394;28;9;7;10;3;0;9;15;0;3;3;0;0;9;6;6;6;0;0;0;0;0
15105;100mN33334E42395;52;34;10;4;3;0;34;8;0;6;3;0;0;34;13;3;0;0;3;0;0;0
15106;100mN33334E42396;21;7;5;5;0;4;7;7;0;3;0;0;4;7;6;3;3;0;3;0;0;0
15107;100mN33334E42397;18;8;4;3;3;0;8;5;0;0;3;0;0;8;6;0;0;0;0;0;0;0
15108;100mN33334E42398;48;18;10;10;5;5;18;14;0;6;4;0;5;18;19;8;3;0;0;0;0;0
15109;100mN33334E42399;3;0;3;0;0;0;0;0;0;0;0;0;0;0;0;0;0;0;0;0;0;0
15110;100mN33334E42400;27;12;5;6;4;0;12;8;0;3;4;0;0;12;7;0;7;0;0;0;0;0
15111;100mN33334E42401;59;36;13;5;3;3;36;12;0;6;3;0;3;36;15;3;4;0;0;0;0;0
15112;100mN33334E42402;39;15;10;11;3;0;15;18;0;3;3;0;0;15;11;5;5;0;3;0;0;0
15113;100mN33334E42403;63;20;23;11;8;0;20;26;0;8;6;3;0;20;29;5;9;0;0;0;0;0
15114;100mN33334E42404;90;47;21;14;5;3;47;29;0;6;5;0;3;47;25;15;3;0;0;0;0;0
15115;100mN33334E42405;72;43;16;10;3;0;43;21;0;5;3;0;0;43;19;9;0;0;0;0;0;0
15116;100mN33334E42406;0;0;0;0;0;0;0;0;0;0;0;0;0;0;0;0;0;0;0;0;0;0
15117;100mN33334E42407;0;0;0;0;0;0;0;0;0;0;0;0;0;0;0;0;0;0;0;0;0;0
15118;100mN33334E42408;4;0;3;0;0;0;0;3;0;3;0;0;0;0;3;0;0;0;0;0;0;0
15119;100mN33334E42409;0;0;0;0;0;0;0;0;0;0;0;0;0;0;0;0;0;0;0;0;0;0
15120;100mN33334E42410;0;0;0;0;0;0;0;0;0;0;0;0;0;0;0;0;0;0;0;0;0;0
15121;100mN33334E42411;0;0;0;0;0;0;0;0;0;0;0;0;0;0;0;0;0;0;0;0;0;0
15122;100mN33334E42412;0;0;0;0;0;0;0;0;0;0;0;0;0;0;0;0;0;0;0;0;0;0
15123;100mN33334E42413;0;0;0;0;0;0;0;0;0;0;0;0;0;0;0;0;0;0;0;0;0;0
15124;100mN33334E42414;0;0;0;0;0;0;0;0;0;0;0;0;0;0;0;0;0;0;0;0;0;0
15125;100mN33334E42415;0;0;0;0;0;0;0;0;0;0;0;0;0;0;0;0;0;0;0;0;0;0
15126;100mN33334E42416;0;0;0;0;0;0;0;0;0;0;0;0;0;0;0;0;0;0;0;0;0;0
15127;100mN33334E42417;0;0;0;0;0;0;0;0;0;0;0;0;0;0;0;0;0;0;0;0;0;0
15128;100mN33334E42418;0;0;0;0;0;0;0;0;0;0;0;0;0;0;0;0;0;0;0;0;0;0
15129;100mN33334E42419;0;0;0;0;0;0;0;0;0;0;0;0;0;0;0;0;0;0;0;0;0;0
15130;100mN33334E42420;0;0;0;0;0;0;0;0;0;0;0;0;0;0;0;0;0;0;0;0;0;0
15131;100mN33334E42421;0;0;0;0;0;0;0;0;0;0;0;0;0;0;0;0;0;0;0;0;0;0
15291;100mN33335E42386;0;0;0;0;0;0;0;0;0;0;0;0;0;0;0;0;0;0;0;0;0;0
15292;100mN33335E42387;0;0;0;0;0;0;0;0;0;0;0;0;0;0;0;0;0;0;0;0;0;0
15293;100mN33335E42388;0;0;0;0;0;0;0;0;0;0;0;0;0;0;0;0;0;0;0;0;0;0
15294;100mN33335E42389;35;25;5;3;3;0;25;5;0;3;3;0;0;25;8;0;0;0;0;0;0;0
15295;100mN33335E42390;11;7;0;3;0;0;7;3;0;0;0;0;0;7;0;3;0;0;0;0;0;0
15296;100mN33335E42391;6;0;3;0;0;0;0;4;0;0;0;0;0;0;3;0;3;0;0;0;0;0
15297;100mN33335E42392;26;8;5;8;4;0;8;10;0;3;3;0;0;8;8;4;3;3;0;0;0;0
15298;100mN33335E42393;57;28;15;8;4;3;28;19;0;4;4;0;3;28;17;4;6;0;0;0;0;0
15299;100mN33335E42394;40;13;13;6;5;3;13;14;0;5;3;3;3;13;16;7;4;0;0;0;0;0
15300;100mN33335E42395;22;11;4;3;0;5;11;5;0;0;0;0;5;11;6;3;0;3;0;0;0;0
15301;100mN33335E42396;0;0;0;0;0;0;0;0;0;0;0;0;0;0;0;0;0;0;0;0;0;0
15302;100mN33335E42397;67;37;14;6;7;3;37;15;0;5;5;3;3;37;20;5;5;0;0;0;0;0
15303;100mN33335E42398;71;33;12;14;6;6;33;22;0;4;5;0;6;33;18;10;7;0;3;0;0;0
15304;100mN33335E42399;55;29;8;11;4;3;29;14;0;5;3;0;3;29;13;3;7;0;3;0;0;0
15305;100mN33335E42400;119;58;33;15;8;5;58;37;0;10;7;0;5;58;42;10;7;3;0;0;0;0
15306;100mN33335E42401;40;11;14;10;4;0;11;21;0;3;4;0;0;11;14;9;5;0;0;0;0;0
15307;100mN33335E42402;60;29;12;9;4;6;29;18;0;3;3;0;6;29;19;4;5;3;0;0;0;0
15308;100mN33335E42403;41;14;9;14;3;0;14;16;0;7;3;0;0;14;12;6;7;0;0;0;0;0
15309;100mN33335E42404;35;17;9;3;4;3;17;9;0;3;3;0;3;17;12;3;3;0;0;0;0;0
15310;100mN33335E42405;7;3;0;3;0;0;3;4;0;0;0;0;0;3;3;0;3;0;0;0;0;0
15311;100mN33335E42406;0;0;0;0;0;0;0;0;0;0;0;0;0;0;0;0;0;0;0;0;0;0
15312;100mN33335E42407;0;0;0;0;0;0;0;0;0;0;0;0;0;0;0;0;0;0;0;0;0;0
15313;100mN33335E42408;0;0;0;0;0;0;0;0;0;0;0;0;0;0;0;0;0;0;0;0;0;0
15314;100mN33335E42409;0;0;0;0;0;0;0;0;0;0;0;0;0;0;0;0;0;0;0;0;0;0
15315;100mN33335E42410;3;0;0;0;0;0;0;0;0;0;0;0;0;0;0;0;0;0;0;0;0;0
15316;100mN33335E42411;0;0;0;0;0;0;0;0;0;0;0;0;0;0;0;0;0;0;0;0;0;0
15317;100mN33335E42412;0;0;0;0;0;0;0;0;0;0;0;0;0;0;0;0;0;0;0;0;0;0
15318;100mN33335E42413;0;0;0;0;0;0;0;0;0;0;0;0;0;0;0;0;0;0;0;0;0;0
15319;100mN33335E42414;0;0;0;0;0;0;0;0;0;0;0;0;0;0;0;0;0;0;0;0;0;0
15320;100mN33335E42415;0;0;0;0;0;0;0;0;0;0;0;0;0;0;0;0;0;0;0;0;0;0
15321;100mN33335E42416;0;0;0;0;0;0;0;0;0;0;0;0;0;0;0;0;0;0;0;0;0;0
15322;100mN33335E42417;5;3;3;0;0;0;3;3;0;0;0;0;0;3;3;0;0;0;0;0;0;0
15323;100mN33335E42418;5;4;0;0;0;0;4;0;0;0;0;0;0;4;0;0;0;0;0;0;0;0
15324;100mN33335E42419;0;0;0;0;0;0;0;0;0;0;0;0;0;0;0;0;0;0;0;0;0;0
15325;100mN33335E42420;3;3;0;0;0;0;3;0;0;0;0;0;0;3;0;0;0;0;0;0;0;0
15326;100mN33335E42421;3;0;0;0;0;0;0;0;0;0;0;0;0;0;0;0;0;0;0;0;0;0
15487;100mN33336E42385;0;0;0;0;0;0;0;0;0;0;0;0;0;0;0;0;0;0;0;0;0;0
15488;100mN33336E42386;0;0;0;0;0;0;0;0;0;0;0;0;0;0;0;0;0;0;0;0;0;0
15489;100mN33336E42387;0;0;0;0;0;0;0;0;0;0;0;0;0;0;0;0;0;0;0;0;0;0
15490;100mN33336E42388;0;0;0;0;0;0;0;0;0;0;0;0;0;0;0;0;0;0;0;0;0;0
15491;100mN33336E42389;0;0;0;0;0;0;0;0;0;0;0;0;0;0;0;0;0;0;0;0;0;0
15492;100mN33336E42390;19;6;4;5;3;0;6;7;0;3;3;0;0;6;7;4;3;0;0;0;0;0
15493;100mN33336E42391;38;8;6;23;0;0;8;26;0;3;0;0;0;8;7;8;9;5;0;0;0;0
15494;100mN33336E42392;24;3;7;14;0;0;3;18;0;3;0;0;0;3;7;5;7;0;0;0;0;0
15495;100mN33336E42393;34;18;4;4;4;4;18;5;0;3;3;0;4;18;9;3;3;0;0;0;0;0
15496;100mN33336E42394;54;17;10;16;11;0;17;19;0;7;9;3;0;17;15;9;7;5;0;0;0;0
15497;100mN33336E42395;45;23;5;3;11;3;23;6;0;3;11;0;3;23;8;8;4;0;0;0;0;0
15498;100mN33336E42396;13;3;4;3;4;0;3;3;0;3;4;0;0;3;6;0;3;0;0;0;0;0
15499;100mN33336E42397;60;32;13;8;7;0;32;14;0;7;6;0;0;32;18;3;3;4;3;0;0;0
15500;100mN33336E42398;65;29;17;9;7;3;29;20;0;6;7;0;3;29;22;10;3;0;0;0;0;0
15501;100mN33336E42399;59;27;13;10;5;4;27;19;0;4;4;0;4;27;20;10;3;0;0;0;0;0
15502;100mN33336E42400;35;8;14;8;3;3;8;17;0;5;0;3;3;8;17;6;3;0;0;0;0;0
15503;100mN33336E42401;12;3;3;4;3;0;3;5;0;0;3;0;0;3;3;5;0;0;0;0;0;0
15504;100mN33336E42402;0;0;0;0;0;0;0;0;0;0;0;0;0;0;0;0;0;0;0;0;0;0
15505;100mN33336E42403;4;0;0;0;3;0;0;3;0;0;3;0;0;0;0;3;0;0;0;0;0;0
15506;100mN33336E42404;0;0;0;0;0;0;0;0;0;0;0;0;0;0;0;0;0;0;0;0;0;0
15507;100mN33336E42405;0;0;0;0;0;0;0;0;0;0;0;0;0;0;0;0;0;0;0;0;0;0
15508;100mN33336E42406;0;0;0;0;0;0;0;0;0;0;0;0;0;0;0;0;0;0;0;0;0;0
15509;100mN33336E42407;0;0;0;0;0;0;0;0;0;0;0;0;0;0;0;0;0;0;0;0;0;0
15510;100mN33336E42408;0;0;0;0;0;0;0;0;0;0;0;0;0;0;0;0;0;0;0;0;0;0
15511;100mN33336E42409;0;0;0;0;0;0;0;0;0;0;0;0;0;0;0;0;0;0;0;0;0;0
15512;100mN33336E42410;0;0;0;0;0;0;0;0;0;0;0;0;0;0;0;0;0;0;0;0;0;0
15513;100mN33336E42411;0;0;0;0;0;0;0;0;0;0;0;0;0;0;0;0;0;0;0;0;0;0
15514;100mN33336E42412;0;0;0;0;0;0;0;0;0;0;0;0;0;0;0;0;0;0;0;0;0;0
15515;100mN33336E42413;0;0;0;0;0;0;0;0;0;0;0;0;0;0;0;0;0;0;0;0;0;0
15516;100mN33336E42414;0;0;0;0;0;0;0;0;0;0;0;0;0;0;0;0;0;0;0;0;0;0
15517;100mN33336E42415;0;0;0;0;0;0;0;0;0;0;0;0;0;0;0;0;0;0;0;0;0;0
15518;100mN33336E42416;0;0;0;0;0;0;0;0;0;0;0;0;0;0;0;0;0;0;0;0;0;0
15519;100mN33336E42417;7;0;0;5;0;0;0;6;0;0;0;0;0;0;0;4;0;0;0;0;0;0
15520;100mN33336E42418;0;0;0;0;0;0;0;0;0;0;0;0;0;0;0;0;0;0;0;0;0;0
15521;100mN33336E42419;0;0;0;0;0;0;0;0;0;0;0;0;0;0;0;0;0;0;0;0;0;0
15522;100mN33336E42420;0;0;0;0;0;0;0;0;0;0;0;0;0;0;0;0;0;0;0;0;0;0
15523;100mN33336E42421;0;0;0;0;0;0;0;0;0;0;0;0;0;0;0;0;0;0;0;0;0;0
15685;100mN33337E42385;0;0;0;0;0;0;0;0;0;0;0;0;0;0;0;0;0;0;0;0;0;0
15686;100mN33337E42386;0;0;0;0;0;0;0;0;0;0;0;0;0;0;0;0;0;0;0;0;0;0
15687;100mN33337E42387;0;0;0;0;0;0;0;0;0;0;0;0;0;0;0;0;0;0;0;0;0;0
15688;100mN33337E42388;0;0;0;0;0;0;0;0;0;0;0;0;0;0;0;0;0;0;0;0;0;0
15689;100mN33337E42389;0;0;0;0;0;0;0;0;0;0;0;0;0;0;0;0;0;0;0;0;0;0
15690;100mN33337E42390;4;3;0;0;0;0;3;3;0;0;0;0;0;3;0;0;0;0;0;0;0;0
15691;100mN33337E42391;17;5;4;6;3;0;5;8;0;3;3;0;0;5;4;6;3;0;0;0;0;0
15692;100mN33337E42392;42;11;12;6;9;4;11;13;0;5;8;0;4;11;17;10;3;0;0;0;0;0
15693;100mN33337E42393;25;11;7;4;0;3;11;8;0;3;0;0;3;11;10;3;0;0;0;0;0;0
15694;100mN33337E42394;6;3;3;0;0;0;3;3;0;0;0;0;0;3;3;0;0;0;0;0;0;0
15695;100mN33337E42395;4;3;3;0;0;0;3;3;0;0;0;0;0;3;3;0;0;0;0;0;0;0
15696;100mN33337E42396;0;0;0;0;0;0;0;0;0;0;0;0;0;0;0;0;0;0;0;0;0;0
15697;100mN33337E42397;0;0;0;0;0;0;0;0;0;0;0;0;0;0;0;0;0;0;0;0;0;0
15698;100mN33337E42398;21;4;4;8;4;0;4;11;0;0;3;0;0;4;5;5;3;3;0;0;0;0
15699;100mN33337E42399;3;3;0;0;0;0;3;0;0;0;0;0;0;3;0;0;0;0;0;0;0;0
15700;100mN33337E42400;0;0;0;0;0;0;0;0;0;0;0;0;0;0;0;0;0;0;0;0;0;0
15701;100mN33337E42401;0;0;0;0;0;0;0;0;0;0;0;0;0;0;0;0;0;0;0;0;0;0
15702;100mN33337E42402;0;0;0;0;0;0;0;0;0;0;0;0;0;0;0;0;0;0;0;0;0;0
15703;100mN33337E42403;0;0;0;0;0;0;0;0;0;0;0;0;0;0;0;0;0;0;0;0;0;0
15704;100mN33337E42404;0;0;0;0;0;0;0;0;0;0;0;0;0;0;0;0;0;0;0;0;0;0
15705;100mN33337E42405;0;0;0;0;0;0;0;0;0;0;0;0;0;0;0;0;0;0;0;0;0;0
15706;100mN33337E42406;0;0;0;0;0;0;0;0;0;0;0;0;0;0;0;0;0;0;0;0;0;0
15707;100mN33337E42407;0;0;0;0;0;0;0;0;0;0;0;0;0;0;0;0;0;0;0;0;0;0
15708;100mN33337E42408;0;0;0;0;0;0;0;0;0;0;0;0;0;0;0;0;0;0;0;0;0;0
15709;100mN33337E42409;0;0;0;0;0;0;0;0;0;0;0;0;0;0;0;0;0;0;0;0;0;0
15710;100mN33337E42410;0;0;0;0;0;0;0;0;0;0;0;0;0;0;0;0;0;0;0;0;0;0
15711;100mN33337E42411;0;0;0;0;0;0;0;0;0;0;0;0;0;0;0;0;0;0;0;0;0;0
15712;100mN33337E42412;0;0;0;0;0;0;0;0;0;0;0;0;0;0;0;0;0;0;0;0;0;0
15713;100mN33337E42413;0;0;0;0;0;0;0;0;0;0;0;0;0;0;0;0;0;0;0;0;0;0
15714;100mN33337E42414;3;3;0;0;0;0;3;0;0;0;0;0;0;3;0;0;0;0;0;0;0;0
15715;100mN33337E42415;0;0;0;0;0;0;0;0;0;0;0;0;0;0;0;0;0;0;0;0;0;0
15716;100mN33337E42416;0;0;0;0;0;0;0;0;0;0;0;0;0;0;0;0;0;0;0;0;0;0
15717;100mN33337E42417;9;3;3;4;0;0;3;6;0;0;0;0;0;3;3;0;3;0;0;0;0;0
15718;100mN33337E42418;0;0;0;0;0;0;0;0;0;0;0;0;0;0;0;0;0;0;0;0;0;0
15719;100mN33337E42419;0;0;0;0;0;0;0;0;0;0;0;0;0;0;0;0;0;0;0;0;0;0
15720;100mN33337E42420;0;0;0;0;0;0;0;0;0;0;0;0;0;0;0;0;0;0;0;0;0;0
15883;100mN33338E42384;0;0;0;0;0;0;0;0;0;0;0;0;0;0;0;0;0;0;0;0;0;0
15884;100mN33338E42385;0;0;0;0;0;0;0;0;0;0;0;0;0;0;0;0;0;0;0;0;0;0
15885;100mN33338E42386;0;0;0;0;0;0;0;0;0;0;0;0;0;0;0;0;0;0;0;0;0;0
15886;100mN33338E42387;0;0;0;0;0;0;0;0;0;0;0;0;0;0;0;0;0;0;0;0;0;0
15887;100mN33338E42388;6;3;3;0;0;0;3;3;0;0;0;0;0;3;4;0;0;0;0;0;0;0
15888;100mN33338E42389;0;0;0;0;0;0;0;0;0;0;0;0;0;0;0;0;0;0;0;0;0;0
15889;100mN33338E42390;0;0;0;0;0;0;0;0;0;0;0;0;0;0;0;0;0;0;0;0;0;0
15890;100mN33338E42391;9;4;0;3;0;0;4;3;0;3;0;0;0;4;0;0;3;0;0;0;0;0
15891;100mN33338E42392;55;25;11;13;3;4;25;18;0;6;3;0;4;25;15;10;4;0;0;0;0;0
15892;100mN33338E42393;59;25;18;10;5;0;25;26;0;3;5;0;0;25;21;7;3;3;0;0;0;0
15893;100mN33338E42394;5;0;3;0;0;0;0;4;0;0;0;0;0;0;3;3;0;0;0;0;0;0
15894;100mN33338E42395;0;0;0;0;0;0;0;0;0;0;0;0;0;0;0;0;0;0;0;0;0;0
15895;100mN33338E42396;0;0;0;0;0;0;0;0;0;0;0;0;0;0;0;0;0;0;0;0;0;0
15896;100mN33338E42397;0;0;0;0;0;0;0;0;0;0;0;0;0;0;0;0;0;0;0;0;0;0
15897;100mN33338E42398;0;0;0;0;0;0;0;0;0;0;0;0;0;0;0;0;0;0;0;0;0;0
15898;100mN33338E42399;12;6;3;3;0;0;6;5;0;0;0;0;0;6;3;0;0;0;0;0;0;0
15899;100mN33338E42400;0;0;0;0;0;0;0;0;0;0;0;0;0;0;0;0;0;0;0;0;0;0
15900;100mN33338E42401;0;0;0;0;0;0;0;0;0;0;0;0;0;0;0;0;0;0;0;0;0;0
15901;100mN33338E42402;0;0;0;0;0;0;0;0;0;0;0;0;0;0;0;0;0;0;0;0;0;0
15902;100mN33338E42403;0;0;0;0;0;0;0;0;0;0;0;0;0;0;0;0;0;0;0;0;0;0
15903;100mN33338E42404;0;0;0;0;0;0;0;0;0;0;0;0;0;0;0;0;0;0;0;0;0;0
15904;100mN33338E42405;0;0;0;0;0;0;0;0;0;0;0;0;0;0;0;0;0;0;0;0;0;0
15905;100mN33338E42406;0;0;0;0;0;0;0;0;0;0;0;0;0;0;0;0;0;0;0;0;0;0
15906;100mN33338E42407;0;0;0;0;0;0;0;0;0;0;0;0;0;0;0;0;0;0;0;0;0;0
15907;100mN33338E42408;0;0;0;0;0;0;0;0;0;0;0;0;0;0;0;0;0;0;0;0;0;0
15908;100mN33338E42409;3;0;0;3;0;0;0;0;0;0;0;0;0;0;0;0;0;0;0;0;0;0
15909;100mN33338E42410;0;0;0;0;0;0;0;0;0;0;0;0;0;0;0;0;0;0;0;0;0;0
15910;100mN33338E42411;3;0;0;0;0;0;0;0;0;0;0;0;0;0;3;0;0;0;0;0;0;0
15911;100mN33338E42412;3;0;3;0;0;0;0;3;0;0;0;0;0;0;3;0;0;0;0;0;0;0
15912;100mN33338E42413;3;0;0;0;0;0;0;0;0;0;0;0;0;0;3;0;0;0;0;0;0;0
15913;100mN33338E42414;0;0;0;0;0;0;0;0;0;0;0;0;0;0;0;0;0;0;0;0;0;0
15914;100mN33338E42415;0;0;0;0;0;0;0;0;0;0;0;0;0;0;0;0;0;0;0;0;0;0
15915;100mN33338E42416;0;0;0;0;0;0;0;0;0;0;0;0;0;0;0;0;0;0;0;0;0;0
15916;100mN33338E42417;4;3;0;0;0;0;3;3;0;0;0;0;0;3;0;0;0;0;0;0;0;0
15917;100mN33338E42418;0;0;0;0;0;0;0;0;0;0;0;0;0;0;0;0;0;0;0;0;0;0
15918;100mN33338E42419;0;0;0;0;0;0;0;0;0;0;0;0;0;0;0;0;0;0;0;0;0;0
15919;100mN33338E42420;0;0;0;0;0;0;0;0;0;0;0;0;0;0;0;0;0;0;0;0;0;0
15920;100mN33338E42421;0;0;0;0;0;0;0;0;0;0;0;0;0;0;0;0;0;0;0;0;0;0
16083;100mN33339E42384;0;0;0;0;0;0;0;0;0;0;0;0;0;0;0;0;0;0;0;0;0;0
16084;100mN33339E42385;0;0;0;0;0;0;0;0;0;0;0;0;0;0;0;0;0;0;0;0;0;0
16085;100mN33339E42386;0;0;0;0;0;0;0;0;0;0;0;0;0;0;0;0;0;0;0;0;0;0
16086;100mN33339E42387;3;3;0;0;0;0;3;0;0;0;0;0;0;3;0;0;0;0;0;0;0;0
16087;100mN33339E42388;12;4;3;4;0;0;4;7;0;0;0;0;0;4;4;0;3;0;0;0;0;0
16088;100mN33339E42389;6;5;0;0;0;0;5;0;0;0;0;0;0;5;0;0;0;0;0;0;0;0
16089;100mN33339E42390;3;0;0;3;0;0;0;3;0;0;0;0;0;0;0;0;0;0;0;0;0;0
16090;100mN33339E42391;35;15;12;3;3;3;15;11;0;4;3;0;3;15;16;4;0;0;0;0;0;0
16091;100mN33339E42392;36;15;6;10;3;3;15;16;0;0;3;0;3;15;8;5;3;5;0;0;0;0
16092;100mN33339E42393;86;18;18;39;10;0;18;46;0;11;10;0;0;18;20;22;14;9;3;0;0;0
16093;100mN33339E42394;0;0;0;0;0;0;0;0;0;0;0;0;0;0;0;0;0;0;0;0;0;0
16094;100mN33339E42395;0;0;0;0;0;0;0;0;0;0;0;0;0;0;0;0;0;0;0;0;0;0
16095;100mN33339E42396;4;0;3;0;0;0;0;3;0;0;0;0;0;0;3;0;0;0;0;0;0;0
16096;100mN33339E42397;0;0;0;0;0;0;0;0;0;0;0;0;0;0;0;0;0;0;0;0;0;0
16097;100mN33339E42398;0;0;0;0;0;0;0;0;0;0;0;0;0;0;0;0;0;0;0;0;0;0
16098;100mN33339E42399;0;0;0;0;0;0;0;0;0;0;0;0;0;0;0;0;0;0;0;0;0;0
16099;100mN33339E42400;0;0;0;0;0;0;0;0;0;0;0;0;0;0;0;0;0;0;0;0;0;0
16100;100mN33339E42401;0;0;0;0;0;0;0;0;0;0;0;0;0;0;0;0;0;0;0;0;0;0
16101;100mN33339E42402;0;0;0;0;0;0;0;0;0;0;0;0;0;0;0;0;0;0;0;0;0;0
16102;100mN33339E42403;0;0;0;0;0;0;0;0;0;0;0;0;0;0;0;0;0;0;0;0;0;0
16103;100mN33339E42404;0;0;0;0;0;0;0;0;0;0;0;0;0;0;0;0;0;0;0;0;0;0
16104;100mN33339E42405;0;0;0;0;0;0;0;0;0;0;0;0;0;0;0;0;0;0;0;0;0;0
16105;100mN33339E42406;4;0;0;0;0;0;0;3;0;0;0;0;0;0;0;3;0;0;0;0;0;0
16106;100mN33339E42407;0;0;0;0;0;0;0;0;0;0;0;0;0;0;0;0;0;0;0;0;0;0
16107;100mN33339E42408;0;0;0;0;0;0;0;0;0;0;0;0;0;0;0;0;0;0;0;0;0;0
16108;100mN33339E42409;0;0;0;0;0;0;0;0;0;0;0;0;0;0;0;0;0;0;0;0;0;0
16109;100mN33339E42410;0;0;0;0;0;0;0;0;0;0;0;0;0;0;0;0;0;0;0;0;0;0
16110;100mN33339E42411;0;0;0;0;0;0;0;0;0;0;0;0;0;0;0;0;0;0;0;0;0;0
16111;100mN33339E42412;0;0;0;0;0;0;0;0;0;0;0;0;0;0;0;0;0;0;0;0;0;0
16112;100mN33339E42413;0;0;0;0;0;0;0;0;0;0;0;0;0;0;0;0;0;0;0;0;0;0
16113;100mN33339E42414;0;0;0;0;0;0;0;0;0;0;0;0;0;0;0;0;0;0;0;0;0;0
16114;100mN33339E42415;0;0;0;0;0;0;0;0;0;0;0;0;0;0;0;0;0;0;0;0;0;0
16115;100mN33339E42416;3;3;0;0;0;0;3;0;0;0;0;0;0;3;0;0;0;0;0;0;0;0
16116;100mN33339E42417;3;0;0;0;0;0;0;0;0;0;0;0;0;0;0;3;0;0;0;0;0;0
16117;100mN33339E42418;5;0;3;0;0;0;0;3;0;0;0;0;0;0;3;0;0;0;0;0;0;0
16118;100mN33339E42419;0;0;0;0;0;0;0;0;0;0;0;0;0;0;0;0;0;0;0;0;0;0
16119;100mN33339E42420;0;0;0;0;0;0;0;0;0;0;0;0;0;0;0;0;0;0;0;0;0;0
16120;100mN33339E42421;0;0;0;0;0;0;0;0;0;0;0;0;0;0;0;0;0;0;0;0;0;0
16285;100mN33340E42384;0;0;0;0;0;0;0;0;0;0;0;0;0;0;0;0;0;0;0;0;0;0
16286;100mN33340E42385;0;0;0;0;0;0;0;0;0;0;0;0;0;0;0;0;0;0;0;0;0;0
16287;100mN33340E42386;0;0;0;0;0;0;0;0;0;0;0;0;0;0;0;0;0;0;0;0;0;0
16288;100mN33340E42387;3;0;0;0;0;0;0;0;0;0;0;0;0;0;0;0;0;0;0;0;0;0
16289;100mN33340E42388;0;0;0;0;0;0;0;0;0;0;0;0;0;0;0;0;0;0;0;0;0;0
16290;100mN33340E42389;8;0;0;6;0;0;0;6;0;0;0;0;0;0;0;4;0;0;0;0;0;0
16291;100mN33340E42390;27;0;8;17;0;0;0;21;0;4;0;0;0;0;8;9;6;3;0;0;0;0
16292;100mN33340E42391;24;12;5;4;3;0;12;9;0;0;0;0;0;12;5;3;3;0;0;0;0;0
16293;100mN33340E42392;42;17;4;14;7;0;17;18;0;0;7;0;0;17;8;7;5;4;0;0;0;0
16294;100mN33340E42393;0;0;0;0;0;0;0;0;0;0;0;0;0;0;0;0;0;0;0;0;0;0
16295;100mN33340E42394;0;0;0;0;0;0;0;0;0;0;0;0;0;0;0;0;0;0;0;0;0;0
16296;100mN33340E42395;3;0;0;0;0;0;0;0;0;0;0;0;0;0;3;0;0;0;0;0;0;0
16297;100mN33340E42396;0;0;0;0;0;0;0;0;0;0;0;0;0;0;0;0;0;0;0;0;0;0
16298;100mN33340E42397;0;0;0;0;0;0;0;0;0;0;0;0;0;0;0;0;0;0;0;0;0;0
16299;100mN33340E42398;0;0;0;0;0;0;0;0;0;0;0;0;0;0;0;0;0;0;0;0;0;0
16300;100mN33340E42399;3;3;0;0;0;0;3;0;0;0;0;0;0;3;0;0;0;0;0;0;0;0
16301;100mN33340E42400;3;3;0;0;0;0;3;0;0;0;0;0;0;3;0;0;0;0;0;0;0;0
16302;100mN33340E42401;3;0;0;0;0;0;0;3;0;0;0;0;0;0;3;0;0;0;0;0;0;0
16303;100mN33340E42402;0;0;0;0;0;0;0;0;0;0;0;0;0;0;0;0;0;0;0;0;0;0
16304;100mN33340E42403;3;3;0;0;0;0;3;0;0;0;0;0;0;3;0;0;0;0;0;0;0;0
16305;100mN33340E42404;0;0;0;0;0;0;0;0;0;0;0;0;0;0;0;0;0;0;0;0;0;0
16306;100mN33340E42405;0;0;0;0;0;0;0;0;0;0;0;0;0;0;0;0;0;0;0;0;0;0
16307;100mN33340E42406;0;0;0;0;0;0;0;0;0;0;0;0;0;0;0;0;0;0;0;0;0;0
16308;100mN33340E42407;0;0;0;0;0;0;0;0;0;0;0;0;0;0;0;0;0;0;0;0;0;0
16309;100mN33340E42408;0;0;0;0;0;0;0;0;0;0;0;0;0;0;0;0;0;0;0;0;0;0
16310;100mN33340E42409;0;0;0;0;0;0;0;0;0;0;0;0;0;0;0;0;0;0;0;0;0;0
16311;100mN33340E42410;3;3;0;0;0;0;3;0;0;0;0;0;0;3;0;0;0;0;0;0;0;0
16312;100mN33340E42411;0;0;0;0;0;0;0;0;0;0;0;0;0;0;0;0;0;0;0;0;0;0
16313;100mN33340E42412;0;0;0;0;0;0;0;0;0;0;0;0;0;0;0;0;0;0;0;0;0;0
16314;100mN33340E42413;0;0;0;0;0;0;0;0;0;0;0;0;0;0;0;0;0;0;0;0;0;0
16315;100mN33340E42414;0;0;0;0;0;0;0;0;0;0;0;0;0;0;0;0;0;0;0;0;0;0
16316;100mN33340E42415;0;0;0;0;0;0;0;0;0;0;0;0;0;0;0;0;0;0;0;0;0;0
16317;100mN33340E42416;4;3;0;0;0;0;3;3;0;0;0;0;0;3;0;0;0;0;0;0;0;0
16318;100mN33340E42417;0;0;0;0;0;0;0;0;0;0;0;0;0;0;0;0;0;0;0;0;0;0
16319;100mN33340E42418;7;4;0;3;0;0;4;3;0;0;0;0;0;4;0;0;3;0;0;0;0;0
16320;100mN33340E42419;0;0;0;0;0;0;0;0;0;0;0;0;0;0;0;0;0;0;0;0;0;0
16321;100mN33340E42420;0;0;0;0;0;0;0;0;0;0;0;0;0;0;0;0;0;0;0;0;0;0
16322;100mN33340E42421;3;0;0;0;0;0;0;0;0;0;0;0;0;0;0;0;0;0;0;0;0;0
16493;100mN33341E42390;15;7;4;3;0;0;7;7;0;0;0;0;0;7;5;0;3;0;0;0;0;0
16494;100mN33341E42391;56;21;13;12;7;3;21;23;0;3;5;3;3;21;21;5;3;6;0;0;0;0
16495;100mN33341E42392;47;16;10;16;5;0;16;21;0;5;5;0;0;16;12;9;5;3;3;0;0;0
16496;100mN33341E42393;0;0;0;0;0;0;0;0;0;0;0;0;0;0;0;0;0;0;0;0;0;0
16497;100mN33341E42394;0;0;0;0;0;0;0;0;0;0;0;0;0;0;0;0;0;0;0;0;0;0
16498;100mN33341E42395;0;0;0;0;0;0;0;0;0;0;0;0;0;0;0;0;0;0;0;0;0;0
16499;100mN33341E42396;0;0;0;0;0;0;0;0;0;0;0;0;0;0;0;0;0;0;0;0;0;0
16500;100mN33341E42397;0;0;0;0;0;0;0;0;0;0;0;0;0;0;0;0;0;0;0;0;0;0
16501;100mN33341E42398;0;0;0;0;0;0;0;0;0;0;0;0;0;0;0;0;0;0;0;0;0;0
16502;100mN33341E42399;0;0;0;0;0;0;0;0;0;0;0;0;0;0;0;0;0;0;0;0;0;0
16503;100mN33341E42400;0;0;0;0;0;0;0;0;0;0;0;0;0;0;0;0;0;0;0;0;0;0
16504;100mN33341E42401;0;0;0;0;0;0;0;0;0;0;0;0;0;0;0;0;0;0;0;0;0;0
16505;100mN33341E42402;0;0;0;0;0;0;0;0;0;0;0;0;0;0;0;0;0;0;0;0;0;0
16506;100mN33341E42403;0;0;0;0;0;0;0;0;0;0;0;0;0;0;0;0;0;0;0;0;0;0
16507;100mN33341E42404;0;0;0;0;0;0;0;0;0;0;0;0;0;0;0;0;0;0;0;0;0;0
16508;100mN33341E42405;0;0;0;0;0;0;0;0;0;0;0;0;0;0;0;0;0;0;0;0;0;0
16509;100mN33341E42406;0;0;0;0;0;0;0;0;0;0;0;0;0;0;0;0;0;0;0;0;0;0
16510;100mN33341E42407;0;0;0;0;0;0;0;0;0;0;0;0;0;0;0;0;0;0;0;0;0;0
16511;100mN33341E42408;0;0;0;0;0;0;0;0;0;0;0;0;0;0;0;0;0;0;0;0;0;0
16512;100mN33341E42409;0;0;0;0;0;0;0;0;0;0;0;0;0;0;0;0;0;0;0;0;0;0
16513;100mN33341E42410;0;0;0;0;0;0;0;0;0;0;0;0;0;0;0;0;0;0;0;0;0;0
16514;100mN33341E42411;0;0;0;0;0;0;0;0;0;0;0;0;0;0;0;0;0;0;0;0;0;0
16515;100mN33341E42412;0;0;0;0;0;0;0;0;0;0;0;0;0;0;0;0;0;0;0;0;0;0
16516;100mN33341E42413;0;0;0;0;0;0;0;0;0;0;0;0;0;0;0;0;0;0;0;0;0;0
16517;100mN33341E42414;0;0;0;0;0;0;0;0;0;0;0;0;0;0;0;0;0;0;0;0;0;0
16518;100mN33341E42415;3;3;0;0;0;0;3;0;0;0;0;0;0;3;0;0;0;0;0;0;0;0
16519;100mN33341E42416;0;0;0;0;0;0;0;0;0;0;0;0;0;0;0;0;0;0;0;0;0;0
16520;100mN33341E42417;0;0;0;0;0;0;0;0;0;0;0;0;0;0;0;0;0;0;0;0;0;0
16521;100mN33341E42418;0;0;0;0;0;0;0;0;0;0;0;0;0;0;0;0;0;0;0;0;0;0
16522;100mN33341E42419;0;0;0;0;0;0;0;0;0;0;0;0;0;0;0;0;0;0;0;0;0;0
16523;100mN33341E42420;0;0;0;0;0;0;0;0;0;0;0;0;0;0;0;0;0;0;0;0;0;0
16524;100mN33341E42421;3;3;0;0;0;0;3;0;0;0;0;0;0;3;0;0;0;0;0;0;0;0
16696;100mN33342E42390;50;18;12;8;12;0;18;17;0;3;12;0;0;18;20;11;0;0;0;0;0;0
16697;100mN33342E42391;36;12;6;10;8;0;12;12;0;4;6;3;0;12;13;8;3;0;0;0;0;0
16698;100mN33342E42392;22;14;3;3;3;0;14;5;0;0;3;0;0;14;4;0;3;0;0;0;0;0
16699;100mN33342E42393;0;0;0;0;0;0;0;0;0;0;0;0;0;0;0;0;0;0;0;0;0;0
16700;100mN33342E42394;0;0;0;0;0;0;0;0;0;0;0;0;0;0;0;0;0;0;0;0;0;0
16701;100mN33342E42395;3;0;0;0;0;0;0;0;0;0;0;0;0;0;0;0;0;0;0;0;0;0
16702;100mN33342E42396;3;3;0;0;0;0;3;0;0;0;0;0;0;3;0;0;0;0;0;0;0;0
16703;100mN33342E42397;3;3;0;0;0;0;3;0;0;0;0;0;0;3;0;0;0;0;0;0;0;0
16704;100mN33342E42398;0;0;0;0;0;0;0;0;0;0;0;0;0;0;0;0;0;0;0;0;0;0
16705;100mN33342E42399;3;3;0;0;0;0;3;0;0;0;0;0;0;3;0;0;0;0;0;0;0;0
16706;100mN33342E42400;0;0;0;0;0;0;0;0;0;0;0;0;0;0;0;0;0;0;0;0;0;0
16707;100mN33342E42401;0;0;0;0;0;0;0;0;0;0;0;0;0;0;0;0;0;0;0;0;0;0
16708;100mN33342E42402;3;0;0;0;0;0;0;0;0;0;0;0;0;0;0;0;0;0;0;0;0;0
16709;100mN33342E42403;0;0;0;0;0;0;0;0;0;0;0;0;0;0;0;0;0;0;0;0;0;0
16710;100mN33342E42404;0;0;0;0;0;0;0;0;0;0;0;0;0;0;0;0;0;0;0;0;0;0
16711;100mN33342E42405;0;0;0;0;0;0;0;0;0;0;0;0;0;0;0;0;0;0;0;0;0;0
16712;100mN33342E42406;0;0;0;0;0;0;0;0;0;0;0;0;0;0;0;0;0;0;0;0;0;0
16713;100mN33342E42407;0;0;0;0;0;0;0;0;0;0;0;0;0;0;0;0;0;0;0;0;0;0
16714;100mN33342E42408;0;0;0;0;0;0;0;0;0;0;0;0;0;0;0;0;0;0;0;0;0;0
16715;100mN33342E42409;0;0;0;0;0;0;0;0;0;0;0;0;0;0;0;0;0;0;0;0;0;0
16716;100mN33342E42410;0;0;0;0;0;0;0;0;0;0;0;0;0;0;0;0;0;0;0;0;0;0
16717;100mN33342E42411;0;0;0;0;0;0;0;0;0;0;0;0;0;0;0;0;0;0;0;0;0;0
16718;100mN33342E42412;0;0;0;0;0;0;0;0;0;0;0;0;0;0;0;0;0;0;0;0;0;0
16719;100mN33342E42413;0;0;0;0;0;0;0;0;0;0;0;0;0;0;0;0;0;0;0;0;0;0
16720;100mN33342E42414;3;0;0;3;0;0;0;3;0;0;0;0;0;0;0;3;0;0;0;0;0;0
16721;100mN33342E42415;0;0;0;0;0;0;0;0;0;0;0;0;0;0;0;0;0;0;0;0;0;0
16722;100mN33342E42416;0;0;0;0;0;0;0;0;0;0;0;0;0;0;0;0;0;0;0;0;0;0
16723;100mN33342E42417;3;0;0;0;0;0;0;3;0;0;0;0;0;0;0;3;0;0;0;0;0;0
16724;100mN33342E42418;3;3;0;0;0;0;3;0;0;0;0;0;0;3;0;0;0;0;0;0;0;0
16725;100mN33342E42419;0;0;0;0;0;0;0;0;0;0;0;0;0;0;0;0;0;0;0;0;0;0
16726;100mN33342E42420;3;3;0;0;0;0;3;0;0;0;0;0;0;3;0;0;0;0;0;0;0;0
16898;100mN33343E42390;45;25;11;0;5;3;25;7;0;5;5;0;3;25;16;4;0;0;0;0;0;0
16899;100mN33343E42391;0;0;0;0;0;0;0;0;0;0;0;0;0;0;0;0;0;0;0;0;0;0
16900;100mN33343E42392;0;0;0;0;0;0;0;0;0;0;0;0;0;0;0;0;0;0;0;0;0;0
16901;100mN33343E42393;0;0;0;0;0;0;0;0;0;0;0;0;0;0;0;0;0;0;0;0;0;0
16902;100mN33343E42394;0;0;0;0;0;0;0;0;0;0;0;0;0;0;0;0;0;0;0;0;0;0
16903;100mN33343E42395;0;0;0;0;0;0;0;0;0;0;0;0;0;0;0;0;0;0;0;0;0;0
16904;100mN33343E42396;3;3;0;0;0;0;3;0;0;0;0;0;0;3;0;0;0;0;0;0;0;0
16905;100mN33343E42397;0;0;0;0;0;0;0;0;0;0;0;0;0;0;0;0;0;0;0;0;0;0
16906;100mN33343E42398;0;0;0;0;0;0;0;0;0;0;0;0;0;0;0;0;0;0;0;0;0;0
16907;100mN33343E42399;0;0;0;0;0;0;0;0;0;0;0;0;0;0;0;0;0;0;0;0;0;0
16908;100mN33343E42400;0;0;0;0;0;0;0;0;0;0;0;0;0;0;0;0;0;0;0;0;0;0
16909;100mN33343E42401;3;0;0;0;0;0;0;0;0;0;0;0;0;0;0;0;0;0;0;0;0;0
16910;100mN33343E42402;0;0;0;0;0;0;0;0;0;0;0;0;0;0;0;0;0;0;0;0;0;0
16911;100mN33343E42403;0;0;0;0;0;0;0;0;0;0;0;0;0;0;0;0;0;0;0;0;0;0
16912;100mN33343E42404;0;0;0;0;0;0;0;0;0;0;0;0;0;0;0;0;0;0;0;0;0;0
16913;100mN33343E42405;0;0;0;0;0;0;0;0;0;0;0;0;0;0;0;0;0;0;0;0;0;0
16914;100mN33343E42406;0;0;0;0;0;0;0;0;0;0;0;0;0;0;0;0;0;0;0;0;0;0
16915;100mN33343E42407;0;0;0;0;0;0;0;0;0;0;0;0;0;0;0;0;0;0;0;0;0;0
16916;100mN33343E42408;0;0;0;0;0;0;0;0;0;0;0;0;0;0;0;0;0;0;0;0;0;0
16917;100mN33343E42409;0;0;0;0;0;0;0;0;0;0;0;0;0;0;0;0;0;0;0;0;0;0
16918;100mN33343E42410;0;0;0;0;0;0;0;0;0;0;0;0;0;0;0;0;0;0;0;0;0;0
16919;100mN33343E42411;0;0;0;0;0;0;0;0;0;0;0;0;0;0;0;0;0;0;0;0;0;0
16920;100mN33343E42412;0;0;0;0;0;0;0;0;0;0;0;0;0;0;0;0;0;0;0;0;0;0
16921;100mN33343E42413;0;0;0;0;0;0;0;0;0;0;0;0;0;0;0;0;0;0;0;0;0;0
16922;100mN33343E42414;0;0;0;0;0;0;0;0;0;0;0;0;0;0;0;0;0;0;0;0;0;0
16923;100mN33343E42415;0;0;0;0;0;0;0;0;0;0;0;0;0;0;0;0;0;0;0;0;0;0
16924;100mN33343E42416;0;0;0;0;0;0;0;0;0;0;0;0;0;0;0;0;0;0;0;0;0;0
16925;100mN33343E42417;0;0;0;0;0;0;0;0;0;0;0;0;0;0;0;0;0;0;0;0;0;0
16926;100mN33343E42418;0;0;0;0;0;0;0;0;0;0;0;0;0;0;0;0;0;0;0;0;0;0
16927;100mN33343E42419;0;0;0;0;0;0;0;0;0;0;0;0;0;0;0;0;0;0;0;0;0;0
17099;100mN33344E42390;0;0;0;0;0;0;0;0;0;0;0;0;0;0;0;0;0;0;0;0;0;0
17100;100mN33344E42391;0;0;0;0;0;0;0;0;0;0;0;0;0;0;0;0;0;0;0;0;0;0
17101;100mN33344E42392;0;0;0;0;0;0;0;0;0;0;0;0;0;0;0;0;0;0;0;0;0;0
17102;100mN33344E42393;0;0;0;0;0;0;0;0;0;0;0;0;0;0;0;0;0;0;0;0;0;0
17103;100mN33344E42394;0;0;0;0;0;0;0;0;0;0;0;0;0;0;0;0;0;0;0;0;0;0
17104;100mN33344E42395;0;0;0;0;0;0;0;0;0;0;0;0;0;0;0;0;0;0;0;0;0;0
17105;100mN33344E42396;0;0;0;0;0;0;0;0;0;0;0;0;0;0;0;0;0;0;0;0;0;0
17106;100mN33344E42397;0;0;0;0;0;0;0;0;0;0;0;0;0;0;0;0;0;0;0;0;0;0
17107;100mN33344E42398;3;0;0;0;0;0;0;0;0;0;0;0;0;0;0;0;0;0;0;0;0;0
17108;100mN33344E42399;0;0;0;0;0;0;0;0;0;0;0;0;0;0;0;0;0;0;0;0;0;0
17109;100mN33344E42400;0;0;0;0;0;0;0;0;0;0;0;0;0;0;0;0;0;0;0;0;0;0
17110;100mN33344E42401;0;0;0;0;0;0;0;0;0;0;0;0;0;0;0;0;0;0;0;0;0;0
17111;100mN33344E42402;0;0;0;0;0;0;0;0;0;0;0;0;0;0;0;0;0;0;0;0;0;0
17112;100mN33344E42403;0;0;0;0;0;0;0;0;0;0;0;0;0;0;0;0;0;0;0;0;0;0
17113;100mN33344E42404;0;0;0;0;0;0;0;0;0;0;0;0;0;0;0;0;0;0;0;0;0;0
17114;100mN33344E42405;0;0;0;0;0;0;0;0;0;0;0;0;0;0;0;0;0;0;0;0;0;0
17115;100mN33344E42406;0;0;0;0;0;0;0;0;0;0;0;0;0;0;0;0;0;0;0;0;0;0
17116;100mN33344E42407;0;0;0;0;0;0;0;0;0;0;0;0;0;0;0;0;0;0;0;0;0;0
17117;100mN33344E42408;3;3;0;0;0;0;3;0;0;0;0;0;0;3;0;0;0;0;0;0;0;0
17118;100mN33344E42409;0;0;0;0;0;0;0;0;0;0;0;0;0;0;0;0;0;0;0;0;0;0
17119;100mN33344E42410;3;0;0;0;0;0;0;0;0;0;0;0;0;0;0;0;0;0;0;0;0;0
17120;100mN33344E42411;0;0;0;0;0;0;0;0;0;0;0;0;0;0;0;0;0;0;0;0;0;0
17121;100mN33344E42412;0;0;0;0;0;0;0;0;0;0;0;0;0;0;0;0;0;0;0;0;0;0
17122;100mN33344E42413;0;0;0;0;0;0;0;0;0;0;0;0;0;0;0;0;0;0;0;0;0;0
17123;100mN33344E42414;0;0;0;0;0;0;0;0;0;0;0;0;0;0;0;0;0;0;0;0;0;0
17124;100mN33344E42415;0;0;0;0;0;0;0;0;0;0;0;0;0;0;0;0;0;0;0;0;0;0
17125;100mN33344E42416;0;0;0;0;0;0;0;0;0;0;0;0;0;0;0;0;0;0;0;0;0;0
17126;100mN33344E42417;0;0;0;0;0;0;0;0;0;0;0;0;0;0;0;0;0;0;0;0;0;0
17127;100mN33344E42418;0;0;0;0;0;0;0;0;0;0;0;0;0;0;0;0;0;0;0;0;0;0
17128;100mN33344E42419;0;0;0;0;0;0;0;0;0;0;0;0;0;0;0;0;0;0;0;0;0;0
17299;100mN33345E42391;0;0;0;0;0;0;0;0;0;0;0;0;0;0;0;0;0;0;0;0;0;0
17300;100mN33345E42392;0;0;0;0;0;0;0;0;0;0;0;0;0;0;0;0;0;0;0;0;0;0
17301;100mN33345E42393;0;0;0;0;0;0;0;0;0;0;0;0;0;0;0;0;0;0;0;0;0;0
17302;100mN33345E42394;0;0;0;0;0;0;0;0;0;0;0;0;0;0;0;0;0;0;0;0;0;0
17303;100mN33345E42395;0;0;0;0;0;0;0;0;0;0;0;0;0;0;0;0;0;0;0;0;0;0
17304;100mN33345E42396;0;0;0;0;0;0;0;0;0;0;0;0;0;0;0;0;0;0;0;0;0;0
17305;100mN33345E42397;0;0;0;0;0;0;0;0;0;0;0;0;0;0;0;0;0;0;0;0;0;0
17306;100mN33345E42398;0;0;0;0;0;0;0;0;0;0;0;0;0;0;0;0;0;0;0;0;0;0
17307;100mN33345E42399;0;0;0;0;0;0;0;0;0;0;0;0;0;0;0;0;0;0;0;0;0;0
17308;100mN33345E42400;0;0;0;0;0;0;0;0;0;0;0;0;0;0;0;0;0;0;0;0;0;0
17309;100mN33345E42401;0;0;0;0;0;0;0;0;0;0;0;0;0;0;0;0;0;0;0;0;0;0
17310;100mN33345E42402;3;0;0;0;0;0;0;0;0;0;0;0;0;0;0;0;0;0;0;0;0;0
17311;100mN33345E42403;3;3;0;0;0;0;3;0;0;0;0;0;0;3;0;0;0;0;0;0;0;0
17312;100mN33345E42404;3;0;3;0;0;0;0;3;0;0;0;0;0;0;3;0;0;0;0;0;0;0
17313;100mN33345E42405;0;0;0;0;0;0;0;0;0;0;0;0;0;0;0;0;0;0;0;0;0;0
17314;100mN33345E42406;0;0;0;0;0;0;0;0;0;0;0;0;0;0;0;0;0;0;0;0;0;0
17315;100mN33345E42407;0;0;0;0;0;0;0;0;0;0;0;0;0;0;0;0;0;0;0;0;0;0
17316;100mN33345E42408;0;0;0;0;0;0;0;0;0;0;0;0;0;0;0;0;0;0;0;0;0;0
17317;100mN33345E42409;0;0;0;0;0;0;0;0;0;0;0;0;0;0;0;0;0;0;0;0;0;0
17318;100mN33345E42410;0;0;0;0;0;0;0;0;0;0;0;0;0;0;0;0;0;0;0;0;0;0
17319;100mN33345E42411;0;0;0;0;0;0;0;0;0;0;0;0;0;0;0;0;0;0;0;0;0;0
17320;100mN33345E42412;0;0;0;0;0;0;0;0;0;0;0;0;0;0;0;0;0;0;0;0;0;0
17321;100mN33345E42413;0;0;0;0;0;0;0;0;0;0;0;0;0;0;0;0;0;0;0;0;0;0
17322;100mN33345E42414;0;0;0;0;0;0;0;0;0;0;0;0;0;0;0;0;0;0;0;0;0;0
17323;100mN33345E42415;0;0;0;0;0;0;0;0;0;0;0;0;0;0;0;0;0;0;0;0;0;0
17324;100mN33345E42416;0;0;0;0;0;0;0;0;0;0;0;0;0;0;0;0;0;0;0;0;0;0
17325;100mN33345E42417;0;0;0;0;0;0;0;0;0;0;0;0;0;0;0;0;0;0;0;0;0;0
17326;100mN33345E42418;0;0;0;0;0;0;0;0;0;0;0;0;0;0;0;0;0;0;0;0;0;0
17498;100mN33346E42392;0;0;0;0;0;0;0;0;0;0;0;0;0;0;0;0;0;0;0;0;0;0
17499;100mN33346E42393;0;0;0;0;0;0;0;0;0;0;0;0;0;0;0;0;0;0;0;0;0;0
17500;100mN33346E42394;0;0;0;0;0;0;0;0;0;0;0;0;0;0;0;0;0;0;0;0;0;0
17501;100mN33346E42395;0;0;0;0;0;0;0;0;0;0;0;0;0;0;0;0;0;0;0;0;0;0
17502;100mN33346E42396;0;0;0;0;0;0;0;0;0;0;0;0;0;0;0;0;0;0;0;0;0;0
17503;100mN33346E42397;0;0;0;0;0;0;0;0;0;0;0;0;0;0;0;0;0;0;0;0;0;0
17504;100mN33346E42398;3;0;0;0;0;0;0;0;0;0;0;0;0;0;3;0;0;0;0;0;0;0
17505;100mN33346E42399;0;0;0;0;0;0;0;0;0;0;0;0;0;0;0;0;0;0;0;0;0;0
17506;100mN33346E42400;0;0;0;0;0;0;0;0;0;0;0;0;0;0;0;0;0;0;0;0;0;0
17507;100mN33346E42401;3;0;0;0;0;0;0;0;0;0;0;0;0;0;0;0;0;0;0;0;0;0
17508;100mN33346E42402;0;0;0;0;0;0;0;0;0;0;0;0;0;0;0;0;0;0;0;0;0;0
17509;100mN33346E42403;3;3;0;0;0;0;3;0;0;0;0;0;0;3;0;0;0;0;0;0;0;0
17510;100mN33346E42404;0;0;0;0;0;0;0;0;0;0;0;0;0;0;0;0;0;0;0;0;0;0
17511;100mN33346E42405;3;0;0;0;0;0;0;3;0;0;0;0;0;0;0;0;0;0;0;0;0;0
17512;100mN33346E42406;0;0;0;0;0;0;0;0;0;0;0;0;0;0;0;0;0;0;0;0;0;0
17513;100mN33346E42407;0;0;0;0;0;0;0;0;0;0;0;0;0;0;0;0;0;0;0;0;0;0
17514;100mN33346E42408;0;0;0;0;0;0;0;0;0;0;0;0;0;0;0;0;0;0;0;0;0;0
17515;100mN33346E42409;0;0;0;0;0;0;0;0;0;0;0;0;0;0;0;0;0;0;0;0;0;0
17516;100mN33346E42410;3;3;0;0;0;0;3;0;0;0;0;0;0;3;0;0;0;0;0;0;0;0
17517;100mN33346E42411;0;0;0;0;0;0;0;0;0;0;0;0;0;0;0;0;0;0;0;0;0;0
17518;100mN33346E42412;0;0;0;0;0;0;0;0;0;0;0;0;0;0;0;0;0;0;0;0;0;0
17519;100mN33346E42413;0;0;0;0;0;0;0;0;0;0;0;0;0;0;0;0;0;0;0;0;0;0
17520;100mN33346E42414;0;0;0;0;0;0;0;0;0;0;0;0;0;0;0;0;0;0;0;0;0;0
17521;100mN33346E42415;0;0;0;0;0;0;0;0;0;0;0;0;0;0;0;0;0;0;0;0;0;0
17522;100mN33346E42416;0;0;0;0;0;0;0;0;0;0;0;0;0;0;0;0;0;0;0;0;0;0
17523;100mN33346E42417;0;0;0;0;0;0;0;0;0;0;0;0;0;0;0;0;0;0;0;0;0;0
17524;100mN33346E42418;0;0;0;0;0;0;0;0;0;0;0;0;0;0;0;0;0;0;0;0;0;0
17696;100mN33347E42393;0;0;0;0;0;0;0;0;0;0;0;0;0;0;0;0;0;0;0;0;0;0
17697;100mN33347E42394;0;0;0;0;0;0;0;0;0;0;0;0;0;0;0;0;0;0;0;0;0;0
17698;100mN33347E42395;0;0;0;0;0;0;0;0;0;0;0;0;0;0;0;0;0;0;0;0;0;0
17699;100mN33347E42396;0;0;0;0;0;0;0;0;0;0;0;0;0;0;0;0;0;0;0;0;0;0
17700;100mN33347E42397;3;0;0;0;0;0;0;0;0;0;0;0;0;0;0;0;0;0;0;0;0;0
17701;100mN33347E42398;0;0;0;0;0;0;0;0;0;0;0;0;0;0;0;0;0;0;0;0;0;0
17702;100mN33347E42399;3;0;0;0;0;0;0;0;0;0;0;0;0;0;0;0;0;0;0;0;0;0
17703;100mN33347E42400;0;0;0;0;0;0;0;0;0;0;0;0;0;0;0;0;0;0;0;0;0;0
17704;100mN33347E42401;0;0;0;0;0;0;0;0;0;0;0;0;0;0;0;0;0;0;0;0;0;0
17705;100mN33347E42402;0;0;0;0;0;0;0;0;0;0;0;0;0;0;0;0;0;0;0;0;0;0
17706;100mN33347E42403;0;0;0;0;0;0;0;0;0;0;0;0;0;0;0;0;0;0;0;0;0;0
17707;100mN33347E42404;3;0;0;0;0;0;0;0;0;0;0;0;0;0;3;0;0;0;0;0;0;0
17708;100mN33347E42405;0;0;0;0;0;0;0;0;0;0;0;0;0;0;0;0;0;0;0;0;0;0
17709;100mN33347E42406;3;3;0;0;0;0;3;0;0;0;0;0;0;3;0;0;0;0;0;0;0;0
17710;100mN33347E42407;3;0;3;0;0;0;0;3;0;0;0;0;0;0;3;0;0;0;0;0;0;0
17711;100mN33347E42408;3;3;0;0;0;0;3;0;0;0;0;0;0;3;0;0;0;0;0;0;0;0
17712;100mN33347E42409;3;0;0;0;0;0;0;0;0;0;0;0;0;0;0;0;0;0;0;0;0;0
17713;100mN33347E42410;3;3;0;0;0;0;3;0;0;0;0;0;0;3;0;0;0;0;0;0;0;0
17714;100mN33347E42411;0;0;0;0;0;0;0;0;0;0;0;0;0;0;0;0;0;0;0;0;0;0
17715;100mN33347E42412;0;0;0;0;0;0;0;0;0;0;0;0;0;0;0;0;0;0;0;0;0;0
17716;100mN33347E42413;0;0;0;0;0;0;0;0;0;0;0;0;0;0;0;0;0;0;0;0;0;0
17717;100mN33347E42414;0;0;0;0;0;0;0;0;0;0;0;0;0;0;0;0;0;0;0;0;0;0
17718;100mN33347E42415;0;0;0;0;0;0;0;0;0;0;0;0;0;0;0;0;0;0;0;0;0;0
17719;100mN33347E42416;0;0;0;0;0;0;0;0;0;0;0;0;0;0;0;0;0;0;0;0;0;0
17720;100mN33347E42417;0;0;0;0;0;0;0;0;0;0;0;0;0;0;0;0;0;0;0;0;0;0
17721;100mN33347E42418;3;3;0;0;0;0;3;0;0;0;0;0;0;3;0;0;0;0;0;0;0;0
17892;100mN33348E42393;0;0;0;0;0;0;0;0;0;0;0;0;0;0;0;0;0;0;0;0;0;0
17893;100mN33348E42394;0;0;0;0;0;0;0;0;0;0;0;0;0;0;0;0;0;0;0;0;0;0
17894;100mN33348E42395;0;0;0;0;0;0;0;0;0;0;0;0;0;0;0;0;0;0;0;0;0;0
17895;100mN33348E42396;0;0;0;0;0;0;0;0;0;0;0;0;0;0;0;0;0;0;0;0;0;0
17896;100mN33348E42397;0;0;0;0;0;0;0;0;0;0;0;0;0;0;0;0;0;0;0;0;0;0
17897;100mN33348E42398;3;3;0;0;0;0;3;0;0;0;0;0;0;3;0;0;0;0;0;0;0;0
17898;100mN33348E42399;0;0;0;0;0;0;0;0;0;0;0;0;0;0;0;0;0;0;0;0;0;0
17899;100mN33348E42400;0;0;0;0;0;0;0;0;0;0;0;0;0;0;0;0;0;0;0;0;0;0
17900;100mN33348E42401;0;0;0;0;0;0;0;0;0;0;0;0;0;0;0;0;0;0;0;0;0;0
17901;100mN33348E42402;0;0;0;0;0;0;0;0;0;0;0;0;0;0;0;0;0;0;0;0;0;0
17902;100mN33348E42403;0;0;0;0;0;0;0;0;0;0;0;0;0;0;0;0;0;0;0;0;0;0
17903;100mN33348E42404;0;0;0;0;0;0;0;0;0;0;0;0;0;0;0;0;0;0;0;0;0;0
17904;100mN33348E42405;3;3;0;0;0;0;3;0;0;0;0;0;0;3;0;0;0;0;0;0;0;0
17905;100mN33348E42406;3;0;3;0;0;0;0;3;0;0;0;0;0;0;3;0;0;0;0;0;0;0
17906;100mN33348E42407;0;0;0;0;0;0;0;0;0;0;0;0;0;0;0;0;0;0;0;0;0;0
17907;100mN33348E42408;0;0;0;0;0;0;0;0;0;0;0;0;0;0;0;0;0;0;0;0;0;0
17908;100mN33348E42409;0;0;0;0;0;0;0;0;0;0;0;0;0;0;0;0;0;0;0;0;0;0
17909;100mN33348E42410;0;0;0;0;0;0;0;0;0;0;0;0;0;0;0;0;0;0;0;0;0;0
17910;100mN33348E42411;3;0;0;0;0;0;0;0;0;0;0;0;0;0;0;0;0;0;0;0;0;0
17911;100mN33348E42412;0;0;0;0;0;0;0;0;0;0;0;0;0;0;0;0;0;0;0;0;0;0
17912;100mN33348E42413;0;0;0;0;0;0;0;0;0;0;0;0;0;0;0;0;0;0;0;0;0;0
17913;100mN33348E42414;0;0;0;0;0;0;0;0;0;0;0;0;0;0;0;0;0;0;0;0;0;0
17914;100mN33348E42415;0;0;0;0;0;0;0;0;0;0;0;0;0;0;0;0;0;0;0;0;0;0
17915;100mN33348E42416;0;0;0;0;0;0;0;0;0;0;0;0;0;0;0;0;0;0;0;0;0;0
18088;100mN33349E42393;0;0;0;0;0;0;0;0;0;0;0;0;0;0;0;0;0;0;0;0;0;0
18089;100mN33349E42394;3;0;0;0;0;0;0;0;0;0;0;0;0;0;0;0;0;0;0;0;0;0
18090;100mN33349E42395;0;0;0;0;0;0;0;0;0;0;0;0;0;0;0;0;0;0;0;0;0;0
18091;100mN33349E42396;0;0;0;0;0;0;0;0;0;0;0;0;0;0;0;0;0;0;0;0;0;0
18092;100mN33349E42397;3;0;0;0;0;0;0;0;0;0;0;0;0;0;0;0;0;0;0;0;0;0
18093;100mN33349E42398;3;3;0;0;0;0;3;0;0;0;0;0;0;3;0;0;0;0;0;0;0;0
18094;100mN33349E42399;0;0;0;0;0;0;0;0;0;0;0;0;0;0;0;0;0;0;0;0;0;0
18095;100mN33349E42400;0;0;0;0;0;0;0;0;0;0;0;0;0;0;0;0;0;0;0;0;0;0
18096;100mN33349E42401;0;0;0;0;0;0;0;0;0;0;0;0;0;0;0;0;0;0;0;0;0;0
18097;100mN33349E42402;0;0;0;0;0;0;0;0;0;0;0;0;0;0;0;0;0;0;0;0;0;0
18098;100mN33349E42403;0;0;0;0;0;0;0;0;0;0;0;0;0;0;0;0;0;0;0;0;0;0
18099;100mN33349E42404;3;0;0;0;0;0;0;0;0;0;0;0;0;0;0;0;0;0;0;0;0;0
18100;100mN33349E42405;7;4;0;0;3;0;4;0;0;0;0;0;0;4;3;0;0;0;0;0;0;0
18101;100mN33349E42406;0;0;0;0;0;0;0;0;0;0;0;0;0;0;0;0;0;0;0;0;0;0
18102;100mN33349E42407;4;0;0;3;3;0;0;3;0;0;0;0;0;0;0;0;0;0;0;0;0;0
18103;100mN33349E42408;4;4;0;0;0;0;4;0;0;0;0;0;0;4;0;0;0;0;0;0;0;0
18104;100mN33349E42409;4;3;0;0;0;0;3;0;0;0;0;0;0;3;0;0;0;0;0;0;0;0
18105;100mN33349E42410;0;0;0;0;0;0;0;0;0;0;0;0;0;0;0;0;0;0;0;0;0;0
18106;100mN33349E42411;0;0;0;0;0;0;0;0;0;0;0;0;0;0;0;0;0;0;0;0;0;0
18107;100mN33349E42412;0;0;0;0;0;0;0;0;0;0;0;0;0;0;0;0;0;0;0;0;0;0
18108;100mN33349E42413;0;0;0;0;0;0;0;0;0;0;0;0;0;0;0;0;0;0;0;0;0;0
18109;100mN33349E42414;0;0;0;0;0;0;0;0;0;0;0;0;0;0;0;0;0;0;0;0;0;0
18110;100mN33349E42415;0;0;0;0;0;0;0;0;0;0;0;0;0;0;0;0;0;0;0;0;0;0
18111;100mN33349E42416;0;0;0;0;0;0;0;0;0;0;0;0;0;0;0;0;0;0;0;0;0;0
18286;100mN33350E42392;0;0;0;0;0;0;0;0;0;0;0;0;0;0;0;0;0;0;0;0;0;0
18287;100mN33350E42393;0;0;0;0;0;0;0;0;0;0;0;0;0;0;0;0;0;0;0;0;0;0
18288;100mN33350E42394;0;0;0;0;0;0;0;0;0;0;0;0;0;0;0;0;0;0;0;0;0;0
18289;100mN33350E42395;0;0;0;0;0;0;0;0;0;0;0;0;0;0;0;0;0;0;0;0;0;0
18290;100mN33350E42396;0;0;0;0;0;0;0;0;0;0;0;0;0;0;0;0;0;0;0;0;0;0
18291;100mN33350E42397;0;0;0;0;0;0;0;0;0;0;0;0;0;0;0;0;0;0;0;0;0;0
18292;100mN33350E42398;0;0;0;0;0;0;0;0;0;0;0;0;0;0;0;0;0;0;0;0;0;0
18293;100mN33350E42399;0;0;0;0;0;0;0;0;0;0;0;0;0;0;0;0;0;0;0;0;0;0
18294;100mN33350E42400;0;0;0;0;0;0;0;0;0;0;0;0;0;0;0;0;0;0;0;0;0;0
18295;100mN33350E42401;0;0;0;0;0;0;0;0;0;0;0;0;0;0;0;0;0;0;0;0;0;0
18296;100mN33350E42402;0;0;0;0;0;0;0;0;0;0;0;0;0;0;0;0;0;0;0;0;0;0
18297;100mN33350E42403;0;0;0;0;0;0;0;0;0;0;0;0;0;0;0;0;0;0;0;0;0;0
18298;100mN33350E42404;0;0;0;0;0;0;0;0;0;0;0;0;0;0;0;0;0;0;0;0;0;0
18299;100mN33350E42405;0;0;0;0;0;0;0;0;0;0;0;0;0;0;0;0;0;0;0;0;0;0
18300;100mN33350E42406;0;0;0;0;0;0;0;0;0;0;0;0;0;0;0;0;0;0;0;0;0;0
18301;100mN33350E42407;0;0;0;0;0;0;0;0;0;0;0;0;0;0;0;0;0;0;0;0;0;0
18302;100mN33350E42408;0;0;0;0;0;0;0;0;0;0;0;0;0;0;0;0;0;0;0;0;0;0
18303;100mN33350E42409;0;0;0;0;0;0;0;0;0;0;0;0;0;0;0;0;0;0;0;0;0;0
18304;100mN33350E42410;0;0;0;0;0;0;0;0;0;0;0;0;0;0;0;0;0;0;0;0;0;0
18305;100mN33350E42411;0;0;0;0;0;0;0;0;0;0;0;0;0;0;0;0;0;0;0;0;0;0
18306;100mN33350E42412;0;0;0;0;0;0;0;0;0;0;0;0;0;0;0;0;0;0;0;0;0;0
18307;100mN33350E42413;0;0;0;0;0;0;0;0;0;0;0;0;0;0;0;0;0;0;0;0;0;0
18308;100mN33350E42414;0;0;0;0;0;0;0;0;0;0;0;0;0;0;0;0;0;0;0;0;0;0
18309;100mN33350E42415;0;0;0;0;0;0;0;0;0;0;0;0;0;0;0;0;0;0;0;0;0;0
18491;100mN33351E42392;0;0;0;0;0;0;0;0;0;0;0;0;0;0;0;0;0;0;0;0;0;0
18492;100mN33351E42393;0;0;0;0;0;0;0;0;0;0;0;0;0;0;0;0;0;0;0;0;0;0
18493;100mN33351E42394;0;0;0;0;0;0;0;0;0;0;0;0;0;0;0;0;0;0;0;0;0;0
18494;100mN33351E42395;0;0;0;0;0;0;0;0;0;0;0;0;0;0;0;0;0;0;0;0;0;0
18495;100mN33351E42396;0;0;0;0;0;0;0;0;0;0;0;0;0;0;0;0;0;0;0;0;0;0
18496;100mN33351E42397;0;0;0;0;0;0;0;0;0;0;0;0;0;0;0;0;0;0;0;0;0;0
18497;100mN33351E42398;0;0;0;0;0;0;0;0;0;0;0;0;0;0;0;0;0;0;0;0;0;0
18498;100mN33351E42399;0;0;0;0;0;0;0;0;0;0;0;0;0;0;0;0;0;0;0;0;0;0
18499;100mN33351E42400;0;0;0;0;0;0;0;0;0;0;0;0;0;0;0;0;0;0;0;0;0;0
18500;100mN33351E42401;0;0;0;0;0;0;0;0;0;0;0;0;0;0;0;0;0;0;0;0;0;0
18501;100mN33351E42402;0;0;0;0;0;0;0;0;0;0;0;0;0;0;0;0;0;0;0;0;0;0
18502;100mN33351E42403;0;0;0;0;0;0;0;0;0;0;0;0;0;0;0;0;0;0;0;0;0;0
18503;100mN33351E42404;0;0;0;0;0;0;0;0;0;0;0;0;0;0;0;0;0;0;0;0;0;0
18504;100mN33351E42405;0;0;0;0;0;0;0;0;0;0;0;0;0;0;0;0;0;0;0;0;0;0
18505;100mN33351E42406;0;0;0;0;0;0;0;0;0;0;0;0;0;0;0;0;0;0;0;0;0;0
18506;100mN33351E42407;0;0;0;0;0;0;0;0;0;0;0;0;0;0;0;0;0;0;0;0;0;0
18507;100mN33351E42408;0;0;0;0;0;0;0;0;0;0;0;0;0;0;0;0;0;0;0;0;0;0
18508;100mN33351E42409;0;0;0;0;0;0;0;0;0;0;0;0;0;0;0;0;0;0;0;0;0;0
18509;100mN33351E42410;0;0;0;0;0;0;0;0;0;0;0;0;0;0;0;0;0;0;0;0;0;0
18510;100mN33351E42411;0;0;0;0;0;0;0;0;0;0;0;0;0;0;0;0;0;0;0;0;0;0
18511;100mN33351E42412;0;0;0;0;0;0;0;0;0;0;0;0;0;0;0;0;0;0;0;0;0;0
18512;100mN33351E42413;0;0;0;0;0;0;0;0;0;0;0;0;0;0;0;0;0;0;0;0;0;0
18702;100mN33352E42393;0;0;0;0;0;0;0;0;0;0;0;0;0;0;0;0;0;0;0;0;0;0
18703;100mN33352E42394;0;0;0;0;0;0;0;0;0;0;0;0;0;0;0;0;0;0;0;0;0;0
18704;100mN33352E42395;0;0;0;0;0;0;0;0;0;0;0;0;0;0;0;0;0;0;0;0;0;0
18705;100mN33352E42396;0;0;0;0;0;0;0;0;0;0;0;0;0;0;0;0;0;0;0;0;0;0
18706;100mN33352E42397;0;0;0;0;0;0;0;0;0;0;0;0;0;0;0;0;0;0;0;0;0;0
18707;100mN33352E42398;0;0;0;0;0;0;0;0;0;0;0;0;0;0;0;0;0;0;0;0;0;0
18708;100mN33352E42399;0;0;0;0;0;0;0;0;0;0;0;0;0;0;0;0;0;0;0;0;0;0
18709;100mN33352E42400;0;0;0;0;0;0;0;0;0;0;0;0;0;0;0;0;0;0;0;0;0;0
18710;100mN33352E42401;0;0;0;0;0;0;0;0;0;0;0;0;0;0;0;0;0;0;0;0;0;0
18711;100mN33352E42402;0;0;0;0;0;0;0;0;0;0;0;0;0;0;0;0;0;0;0;0;0;0
18712;100mN33352E42403;0;0;0;0;0;0;0;0;0;0;0;0;0;0;0;0;0;0;0;0;0;0
18713;100mN33352E42404;0;0;0;0;0;0;0;0;0;0;0;0;0;0;0;0;0;0;0;0;0;0
18714;100mN33352E42405;0;0;0;0;0;0;0;0;0;0;0;0;0;0;0;0;0;0;0;0;0;0
18715;100mN33352E42406;0;0;0;0;0;0;0;0;0;0;0;0;0;0;0;0;0;0;0;0;0;0
18716;100mN33352E42407;0;0;0;0;0;0;0;0;0;0;0;0;0;0;0;0;0;0;0;0;0;0
18717;100mN33352E42408;0;0;0;0;0;0;0;0;0;0;0;0;0;0;0;0;0;0;0;0;0;0
18718;100mN33352E42409;0;0;0;0;0;0;0;0;0;0;0;0;0;0;0;0;0;0;0;0;0;0
18719;100mN33352E42410;0;0;0;0;0;0;0;0;0;0;0;0;0;0;0;0;0;0;0;0;0;0
18720;100mN33352E42411;0;0;0;0;0;0;0;0;0;0;0;0;0;0;0;0;0;0;0;0;0;0
18721;100mN33352E42412;0;0;0;0;0;0;0;0;0;0;0;0;0;0;0;0;0;0;0;0;0;0
18913;100mN33353E42393;0;0;0;0;0;0;0;0;0;0;0;0;0;0;0;0;0;0;0;0;0;0
18914;100mN33353E42394;0;0;0;0;0;0;0;0;0;0;0;0;0;0;0;0;0;0;0;0;0;0
18915;100mN33353E42395;0;0;0;0;0;0;0;0;0;0;0;0;0;0;0;0;0;0;0;0;0;0
18916;100mN33353E42396;0;0;0;0;0;0;0;0;0;0;0;0;0;0;0;0;0;0;0;0;0;0
18917;100mN33353E42397;0;0;0;0;0;0;0;0;0;0;0;0;0;0;0;0;0;0;0;0;0;0
18918;100mN33353E42398;0;0;0;0;0;0;0;0;0;0;0;0;0;0;0;0;0;0;0;0;0;0
18919;100mN33353E42399;0;0;0;0;0;0;0;0;0;0;0;0;0;0;0;0;0;0;0;0;0;0
18920;100mN33353E42400;0;0;0;0;0;0;0;0;0;0;0;0;0;0;0;0;0;0;0;0;0;0
18921;100mN33353E42401;0;0;0;0;0;0;0;0;0;0;0;0;0;0;0;0;0;0;0;0;0;0
18922;100mN33353E42402;0;0;0;0;0;0;0;0;0;0;0;0;0;0;0;0;0;0;0;0;0;0
18923;100mN33353E42403;0;0;0;0;0;0;0;0;0;0;0;0;0;0;0;0;0;0;0;0;0;0
18924;100mN33353E42404;0;0;0;0;0;0;0;0;0;0;0;0;0;0;0;0;0;0;0;0;0;0
18925;100mN33353E42405;0;0;0;0;0;0;0;0;0;0;0;0;0;0;0;0;0;0;0;0;0;0
18926;100mN33353E42406;0;0;0;0;0;0;0;0;0;0;0;0;0;0;0;0;0;0;0;0;0;0
18927;100mN33353E42407;0;0;0;0;0;0;0;0;0;0;0;0;0;0;0;0;0;0;0;0;0;0
18928;100mN33353E42408;0;0;0;0;0;0;0;0;0;0;0;0;0;0;0;0;0;0;0;0;0;0
18929;100mN33353E42409;0;0;0;0;0;0;0;0;0;0;0;0;0;0;0;0;0;0;0;0;0;0
18930;100mN33353E42410;0;0;0;0;0;0;0;0;0;0;0;0;0;0;0;0;0;0;0;0;0;0
19126;100mN33354E42394;0;0;0;0;0;0;0;0;0;0;0;0;0;0;0;0;0;0;0;0;0;0
19127;100mN33354E42395;0;0;0;0;0;0;0;0;0;0;0;0;0;0;0;0;0;0;0;0;0;0
19128;100mN33354E42396;0;0;0;0;0;0;0;0;0;0;0;0;0;0;0;0;0;0;0;0;0;0
19129;100mN33354E42397;0;0;0;0;0;0;0;0;0;0;0;0;0;0;0;0;0;0;0;0;0;0
19130;100mN33354E42398;0;0;0;0;0;0;0;0;0;0;0;0;0;0;0;0;0;0;0;0;0;0
19131;100mN33354E42399;0;0;0;0;0;0;0;0;0;0;0;0;0;0;0;0;0;0;0;0;0;0
19132;100mN33354E42400;0;0;0;0;0;0;0;0;0;0;0;0;0;0;0;0;0;0;0;0;0;0
19133;100mN33354E42401;0;0;0;0;0;0;0;0;0;0;0;0;0;0;0;0;0;0;0;0;0;0
19134;100mN33354E42402;0;0;0;0;0;0;0;0;0;0;0;0;0;0;0;0;0;0;0;0;0;0
19135;100mN33354E42403;0;0;0;0;0;0;0;0;0;0;0;0;0;0;0;0;0;0;0;0;0;0
19136;100mN33354E42404;0;0;0;0;0;0;0;0;0;0;0;0;0;0;0;0;0;0;0;0;0;0
19137;100mN33354E42405;0;0;0;0;0;0;0;0;0;0;0;0;0;0;0;0;0;0;0;0;0;0
19138;100mN33354E42406;0;0;0;0;0;0;0;0;0;0;0;0;0;0;0;0;0;0;0;0;0;0
19139;100mN33354E42407;0;0;0;0;0;0;0;0;0;0;0;0;0;0;0;0;0;0;0;0;0;0
19140;100mN33354E42408;0;0;0;0;0;0;0;0;0;0;0;0;0;0;0;0;0;0;0;0;0;0
19141;100mN33354E42409;0;0;0;0;0;0;0;0;0;0;0;0;0;0;0;0;0;0;0;0;0;0
19142;100mN33354E42410;0;0;0;0;0;0;0;0;0;0;0;0;0;0;0;0;0;0;0;0;0;0
19342;100mN33355E42394;0;0;0;0;0;0;0;0;0;0;0;0;0;0;0;0;0;0;0;0;0;0
19343;100mN33355E42395;0;0;0;0;0;0;0;0;0;0;0;0;0;0;0;0;0;0;0;0;0;0
19344;100mN33355E42396;0;0;0;0;0;0;0;0;0;0;0;0;0;0;0;0;0;0;0;0;0;0
19345;100mN33355E42397;0;0;0;0;0;0;0;0;0;0;0;0;0;0;0;0;0;0;0;0;0;0
19346;100mN33355E42398;0;0;0;0;0;0;0;0;0;0;0;0;0;0;0;0;0;0;0;0;0;0
19347;100mN33355E42399;0;0;0;0;0;0;0;0;0;0;0;0;0;0;0;0;0;0;0;0;0;0
19348;100mN33355E42400;0;0;0;0;0;0;0;0;0;0;0;0;0;0;0;0;0;0;0;0;0;0
19349;100mN33355E42401;0;0;0;0;0;0;0;0;0;0;0;0;0;0;0;0;0;0;0;0;0;0
19350;100mN33355E42402;0;0;0;0;0;0;0;0;0;0;0;0;0;0;0;0;0;0;0;0;0;0
19351;100mN33355E42403;0;0;0;0;0;0;0;0;0;0;0;0;0;0;0;0;0;0;0;0;0;0
19352;100mN33355E42404;0;0;0;0;0;0;0;0;0;0;0;0;0;0;0;0;0;0;0;0;0;0
19353;100mN33355E42405;0;0;0;0;0;0;0;0;0;0;0;0;0;0;0;0;0;0;0;0;0;0
19354;100mN33355E42406;0;0;0;0;0;0;0;0;0;0;0;0;0;0;0;0;0;0;0;0;0;0
19355;100mN33355E42407;0;0;0;0;0;0;0;0;0;0;0;0;0;0;0;0;0;0;0;0;0;0
19356;100mN33355E42408;0;0;0;0;0;0;0;0;0;0;0;0;0;0;0;0;0;0;0;0;0;0
19357;100mN33355E42409;0;0;0;0;0;0;0;0;0;0;0;0;0;0;0;0;0;0;0;0;0;0
19358;100mN33355E42410;0;0;0;0;0;0;0;0;0;0;0;0;0;0;0;0;0;0;0;0;0;0
19563;100mN33356E42395;0;0;0;0;0;0;0;0;0;0;0;0;0;0;0;0;0;0;0;0;0;0
19564;100mN33356E42396;0;0;0;0;0;0;0;0;0;0;0;0;0;0;0;0;0;0;0;0;0;0
19565;100mN33356E42397;0;0;0;0;0;0;0;0;0;0;0;0;0;0;0;0;0;0;0;0;0;0
19566;100mN33356E42398;0;0;0;0;0;0;0;0;0;0;0;0;0;0;0;0;0;0;0;0;0;0
19567;100mN33356E42399;0;0;0;0;0;0;0;0;0;0;0;0;0;0;0;0;0;0;0;0;0;0
19568;100mN33356E42400;0;0;0;0;0;0;0;0;0;0;0;0;0;0;0;0;0;0;0;0;0;0
19569;100mN33356E42401;0;0;0;0;0;0;0;0;0;0;0;0;0;0;0;0;0;0;0;0;0;0
19570;100mN33356E42402;0;0;0;0;0;0;0;0;0;0;0;0;0;0;0;0;0;0;0;0;0;0
19571;100mN33356E42403;0;0;0;0;0;0;0;0;0;0;0;0;0;0;0;0;0;0;0;0;0;0
19572;100mN33356E42404;0;0;0;0;0;0;0;0;0;0;0;0;0;0;0;0;0;0;0;0;0;0
19573;100mN33356E42405;0;0;0;0;0;0;0;0;0;0;0;0;0;0;0;0;0;0;0;0;0;0
19574;100mN33356E42406;0;0;0;0;0;0;0;0;0;0;0;0;0;0;0;0;0;0;0;0;0;0
19575;100mN33356E42407;0;0;0;0;0;0;0;0;0;0;0;0;0;0;0;0;0;0;0;0;0;0
19576;100mN33356E42408;0;0;0;0;0;0;0;0;0;0;0;0;0;0;0;0;0;0;0;0;0;0
19577;100mN33356E42409;0;0;0;0;0;0;0;0;0;0;0;0;0;0;0;0;0;0;0;0;0;0
19578;100mN33356E42410;0;0;0;0;0;0;0;0;0;0;0;0;0;0;0;0;0;0;0;0;0;0
19784;100mN33357E42395;0;0;0;0;0;0;0;0;0;0;0;0;0;0;0;0;0;0;0;0;0;0
19785;100mN33357E42396;0;0;0;0;0;0;0;0;0;0;0;0;0;0;0;0;0;0;0;0;0;0
19786;100mN33357E42397;0;0;0;0;0;0;0;0;0;0;0;0;0;0;0;0;0;0;0;0;0;0
19787;100mN33357E42398;0;0;0;0;0;0;0;0;0;0;0;0;0;0;0;0;0;0;0;0;0;0
19788;100mN33357E42399;0;0;0;0;0;0;0;0;0;0;0;0;0;0;0;0;0;0;0;0;0;0
19789;100mN33357E42400;0;0;0;0;0;0;0;0;0;0;0;0;0;0;0;0;0;0;0;0;0;0
19790;100mN33357E42401;0;0;0;0;0;0;0;0;0;0;0;0;0;0;0;0;0;0;0;0;0;0
19791;100mN33357E42402;0;0;0;0;0;0;0;0;0;0;0;0;0;0;0;0;0;0;0;0;0;0
19792;100mN33357E42403;0;0;0;0;0;0;0;0;0;0;0;0;0;0;0;0;0;0;0;0;0;0
19793;100mN33357E42404;0;0;0;0;0;0;0;0;0;0;0;0;0;0;0;0;0;0;0;0;0;0
19794;100mN33357E42405;0;0;0;0;0;0;0;0;0;0;0;0;0;0;0;0;0;0;0;0;0;0
19795;100mN33357E42406;0;0;0;0;0;0;0;0;0;0;0;0;0;0;0;0;0;0;0;0;0;0
19796;100mN33357E42407;0;0;0;0;0;0;0;0;0;0;0;0;0;0;0;0;0;0;0;0;0;0
19797;100mN33357E42408;0;0;0;0;0;0;0;0;0;0;0;0;0;0;0;0;0;0;0;0;0;0
19798;100mN33357E42409;0;0;0;0;0;0;0;0;0;0;0;0;0;0;0;0;0;0;0;0;0;0
20007;100mN33358E42395;0;0;0;0;0;0;0;0;0;0;0;0;0;0;0;0;0;0;0;0;0;0
20008;100mN33358E42396;0;0;0;0;0;0;0;0;0;0;0;0;0;0;0;0;0;0;0;0;0;0
20009;100mN33358E42397;0;0;0;0;0;0;0;0;0;0;0;0;0;0;0;0;0;0;0;0;0;0
20010;100mN33358E42398;0;0;0;0;0;0;0;0;0;0;0;0;0;0;0;0;0;0;0;0;0;0
20011;100mN33358E42399;0;0;0;0;0;0;0;0;0;0;0;0;0;0;0;0;0;0;0;0;0;0
20012;100mN33358E42400;0;0;0;0;0;0;0;0;0;0;0;0;0;0;0;0;0;0;0;0;0;0
20013;100mN33358E42401;0;0;0;0;0;0;0;0;0;0;0;0;0;0;0;0;0;0;0;0;0;0
20014;100mN33358E42402;0;0;0;0;0;0;0;0;0;0;0;0;0;0;0;0;0;0;0;0;0;0
20015;100mN33358E42403;0;0;0;0;0;0;0;0;0;0;0;0;0;0;0;0;0;0;0;0;0;0
20016;100mN33358E42404;0;0;0;0;0;0;0;0;0;0;0;0;0;0;0;0;0;0;0;0;0;0
20017;100mN33358E42405;0;0;0;0;0;0;0;0;0;0;0;0;0;0;0;0;0;0;0;0;0;0
20018;100mN33358E42406;0;0;0;0;0;0;0;0;0;0;0;0;0;0;0;0;0;0;0;0;0;0
20019;100mN33358E42407;0;0;0;0;0;0;0;0;0;0;0;0;0;0;0;0;0;0;0;0;0;0
20020;100mN33358E42408;0;0;0;0;0;0;0;0;0;0;0;0;0;0;0;0;0;0;0;0;0;0
20231;100mN33359E42395;0;0;0;0;0;0;0;0;0;0;0;0;0;0;0;0;0;0;0;0;0;0
20232;100mN33359E42396;0;0;0;0;0;0;0;0;0;0;0;0;0;0;0;0;0;0;0;0;0;0
20233;100mN33359E42397;0;0;0;0;0;0;0;0;0;0;0;0;0;0;0;0;0;0;0;0;0;0
20234;100mN33359E42398;0;0;0;0;0;0;0;0;0;0;0;0;0;0;0;0;0;0;0;0;0;0
20235;100mN33359E42399;0;0;0;0;0;0;0;0;0;0;0;0;0;0;0;0;0;0;0;0;0;0
20236;100mN33359E42400;0;0;0;0;0;0;0;0;0;0;0;0;0;0;0;0;0;0;0;0;0;0
20237;100mN33359E42401;0;0;0;0;0;0;0;0;0;0;0;0;0;0;0;0;0;0;0;0;0;0
20238;100mN33359E42402;0;0;0;0;0;0;0;0;0;0;0;0;0;0;0;0;0;0;0;0;0;0
20239;100mN33359E42403;0;0;0;0;0;0;0;0;0;0;0;0;0;0;0;0;0;0;0;0;0;0
20240;100mN33359E42404;0;0;0;0;0;0;0;0;0;0;0;0;0;0;0;0;0;0;0;0;0;0
20241;100mN33359E42405;0;0;0;0;0;0;0;0;0;0;0;0;0;0;0;0;0;0;0;0;0;0
20242;100mN33359E42406;0;0;0;0;0;0;0;0;0;0;0;0;0;0;0;0;0;0;0;0;0;0
20243;100mN33359E42407;0;0;0;0;0;0;0;0;0;0;0;0;0;0;0;0;0;0;0;0;0;0
20455;100mN33360E42396;0;0;0;0;0;0;0;0;0;0;0;0;0;0;0;0;0;0;0;0;0;0
20456;100mN33360E42397;0;0;0;0;0;0;0;0;0;0;0;0;0;0;0;0;0;0;0;0;0;0
20457;100mN33360E42398;0;0;0;0;0;0;0;0;0;0;0;0;0;0;0;0;0;0;0;0;0;0
20458;100mN33360E42399;0;0;0;0;0;0;0;0;0;0;0;0;0;0;0;0;0;0;0;0;0;0
20459;100mN33360E42400;0;0;0;0;0;0;0;0;0;0;0;0;0;0;0;0;0;0;0;0;0;0
20460;100mN33360E42401;0;0;0;0;0;0;0;0;0;0;0;0;0;0;0;0;0;0;0;0;0;0
20461;100mN33360E42402;0;0;0;0;0;0;0;0;0;0;0;0;0;0;0;0;0;0;0;0;0;0
20462;100mN33360E42403;0;0;0;0;0;0;0;0;0;0;0;0;0;0;0;0;0;0;0;0;0;0
20463;100mN33360E42404;0;0;0;0;0;0;0;0;0;0;0;0;0;0;0;0;0;0;0;0;0;0
20464;100mN33360E42405;0;0;0;0;0;0;0;0;0;0;0;0;0;0;0;0;0;0;0;0;0;0
20465;100mN33360E42406;0;0;0;0;0;0;0;0;0;0;0;0;0;0;0;0;0;0;0;0;0;0
20466;100mN33360E42407;0;0;0;0;0;0;0;0;0;0;0;0;0;0;0;0;0;0;0;0;0;0
20678;100mN33361E42396;0;0;0;0;0;0;0;0;0;0;0;0;0;0;0;0;0;0;0;0;0;0
20679;100mN33361E42397;0;0;0;0;0;0;0;0;0;0;0;0;0;0;0;0;0;0;0;0;0;0
20680;100mN33361E42398;0;0;0;0;0;0;0;0;0;0;0;0;0;0;0;0;0;0;0;0;0;0
20681;100mN33361E42399;0;0;0;0;0;0;0;0;0;0;0;0;0;0;0;0;0;0;0;0;0;0
20682;100mN33361E42400;0;0;0;0;0;0;0;0;0;0;0;0;0;0;0;0;0;0;0;0;0;0
20683;100mN33361E42401;0;0;0;0;0;0;0;0;0;0;0;0;0;0;0;0;0;0;0;0;0;0
20684;100mN33361E42402;0;0;0;0;0;0;0;0;0;0;0;0;0;0;0;0;0;0;0;0;0;0
20685;100mN33361E42403;0;0;0;0;0;0;0;0;0;0;0;0;0;0;0;0;0;0;0;0;0;0
20686;100mN33361E42404;0;0;0;0;0;0;0;0;0;0;0;0;0;0;0;0;0;0;0;0;0;0
20687;100mN33361E42405;0;0;0;0;0;0;0;0;0;0;0;0;0;0;0;0;0;0;0;0;0;0
20902;100mN33362E42396;0;0;0;0;0;0;0;0;0;0;0;0;0;0;0;0;0;0;0;0;0;0
20903;100mN33362E42397;0;0;0;0;0;0;0;0;0;0;0;0;0;0;0;0;0;0;0;0;0;0
20904;100mN33362E42398;0;0;0;0;0;0;0;0;0;0;0;0;0;0;0;0;0;0;0;0;0;0
20905;100mN33362E42399;0;0;0;0;0;0;0;0;0;0;0;0;0;0;0;0;0;0;0;0;0;0
21127;100mN33363E42396;0;0;0;0;0;0;0;0;0;0;0;0;0;0;0;0;0;0;0;0;0;0
